DATE,SKU Combination,Secondary Sales Amount STC,Secondary Sales Amount Invoiced,Secondary Sales Amount Returned,Secondary Sales Quantity Invoiced,Secondary Sales Quantity Returned
2020-01-01,0,0,0,0,0,0
2020-02-01,0,0,0,0,0,0
2020-01-01,1,0,0,0,0,0
2020-02-01,1,0,0,0,0,0
2020-01-01,3,0,0,0,0,0
2020-02-01,3,0,0,0,0,0
2020-01-01,5,0,0,0,0,0
2020-02-01,5,0,0,0,0,0
2020-01-01,6,0,0,0,0,0
2020-02-01,6,0,0,0,0,0
2020-01-01,7,0,0,0,0,0
2020-02-01,7,0,0,0,0,0
2020-01-01,8,0,0,0,0,0
2020-02-01,8,0,0,0,0,0
2020-01-01,9,0,0,0,0,0
2020-02-01,9,0,0,0,0,0
2020-01-01,10,0,0,0,0,0
2020-02-01,10,0,0,0,0,0
2020-01-01,11,0,0,0,0,0
2020-02-01,11,0,0,0,0,0
2020-01-01,12,0,0,0,0,0
2020-02-01,12,0,0,0,0,0
2020-01-01,13,0,0,0,0,0
2020-02-01,13,0,0,0,0,0
2020-01-01,14,0,0,0,0,0
2020-02-01,14,0,0,0,0,0
2020-01-01,15,0,0,0,0,0
2020-02-01,15,0,0,0,0,0
2020-01-01,16,0,0,0,0,0
2020-02-01,16,0,0,0,0,0
2020-01-01,17,0,0,0,0,0
2020-02-01,17,0,0,0,0,0
2020-01-01,18,0,0,0,0,0
2020-02-01,18,0,0,0,0,0
2020-01-01,19,0,0,0,0,0
2020-02-01,19,0,0,0,0,0
2020-01-01,20,0,0,0,0,0
2020-02-01,20,0,0,0,0,0
2020-01-01,21,0,0,0,0,0
2020-02-01,21,0,0,0,0,0
2020-01-01,22,0,0,0,0,0
2020-02-01,22,0,0,0,0,0
2020-01-01,23,0,0,0,0,0
2020-02-01,23,0,0,0,0,0
2020-01-01,25,0,0,0,0,0
2020-02-01,25,0,0,0,0,0
2020-02-01,26,0,0,0,0,0
2020-01-01,27,0,0,0,0,0
2020-02-01,27,0,0,0,0,0
2020-01-01,29,0,0,0,0,0
2020-02-01,29,0,0,0,0,0
2020-01-01,30,0,0,0,0,0
2020-02-01,30,0,0,0,0,0
2020-01-01,31,0,0,0,0,0
2020-02-01,31,0,0,0,0,0
2020-01-01,32,0,0,0,0,0
2020-02-01,32,0,0,0,0,0
2020-01-01,33,0,0,0,0,0
2020-02-01,33,0,0,0,0,0
2020-01-01,34,0,0,0,0,0
2020-02-01,34,0,0,0,0,0
2020-02-01,35,0,0,0,0,0
2020-01-01,36,0,0,0,0,0
2020-02-01,36,0,0,0,0,0
2020-01-01,37,0,0,0,0,0
2020-02-01,37,0,0,0,0,0
2020-01-01,38,0,0,0,0,0
2020-02-01,38,0,0,0,0,0
2020-01-01,39,0,0,0,0,0
2020-02-01,39,0,0,0,0,0
2020-01-01,40,0,0,0,0,0
2020-02-01,40,0,0,0,0,0
2020-01-01,41,0,0,0,0,0
2020-02-01,41,0,0,0,0,0
2020-01-01,42,0,0,0,0,0
2020-01-01,43,0,0,0,0,0
2020-02-01,43,0,0,0,0,0
2020-01-01,45,0,0,0,0,0
2020-02-01,45,0,0,0,0,0
2020-01-01,48,0,0,0,0,0
2020-02-01,50,0,0,0,0,0
2020-01-01,52,0,0,0,0,0
2020-02-01,52,0,0,0,0,0
2020-01-01,53,0,0,0,0,0
2020-01-01,54,0,0,0,0,0
2020-02-01,54,0,0,0,0,0
2020-01-01,55,0,0,0,0,0
2020-02-01,55,0,0,0,0,0
2020-01-01,57,0,0,0,0,0
2020-02-01,57,0,0,0,0,0
2020-01-01,58,0,0,0,0,0
2020-01-01,59,0,0,0,0,0
2020-02-01,59,0,0,0,0,0
2020-01-01,60,0,0,0,0,0
2020-02-01,60,0,0,0,0,0
2020-01-01,62,0,0,0,0,0
2020-02-01,62,0,0,0,0,0
2020-02-01,64,0,0,0,0,0
2020-01-01,66,0,0,0,0,0
2020-02-01,66,0,0,0,0,0
2020-01-01,67,0,0,0,0,0
2020-01-01,69,0,0,0,0,0
2020-01-01,71,0,0,0,0,0
2020-01-01,72,0,0,0,0,0
2020-02-01,72,0,0,0,0,0
2020-01-01,74,0,0,0,0,0
2020-02-01,74,0,0,0,0,0
2020-01-01,75,0,0,0,0,0
2020-02-01,75,0,0,0,0,0
2020-01-01,76,0,0,0,0,0
2020-02-01,76,0,0,0,0,0
2020-01-01,78,0,0,0,0,0
2020-02-01,78,0,0,0,0,0
2020-01-01,80,0,0,0,0,0
2020-01-01,81,0,0,0,0,0
2020-02-01,81,0,0,0,0,0
2020-01-01,83,0,0,0,0,0
2020-02-01,83,0,0,0,0,0
2020-01-01,84,0,0,0,0,0
2020-02-01,84,0,0,0,0,0
2020-01-01,86,0,0,0,0,0
2020-02-01,86,0,0,0,0,0
2020-01-01,87,0,0,0,0,0
2020-02-01,87,0,0,0,0,0
2020-02-01,89,0,0,0,0,0
2020-02-01,91,0,0,0,0,0
2020-01-01,92,0,0,0,0,0
2020-02-01,92,0,0,0,0,0
2020-01-01,93,0,0,0,0,0
2020-02-01,93,0,0,0,0,0
2020-01-01,96,0,0,0,0,0
2020-02-01,96,0,0,0,0,0
2020-01-01,128,0,0,0,0,0
2020-01-01,142,0,0,0,0,0
2020-01-01,144,0,0,0,0,0
2020-02-01,144,0,0,0,0,0
2020-01-01,146,0,0,0,0,0
2020-02-01,148,0,0,0,0,0
2020-02-01,151,0,0,0,0,0
2020-02-01,152,0,0,0,0,0
2020-02-01,154,0,0,0,0,0
2020-01-01,156,0,0,0,0,0
2020-01-01,157,0,0,0,0,0
2020-01-01,159,0,0,0,0,0
2020-01-01,161,0,0,0,0,0
2020-02-01,163,0,0,0,0,0
2020-01-01,165,0,0,0,0,0
2020-02-01,165,0,0,0,0,0
2020-01-01,167,0,0,0,0,0
2020-02-01,167,0,0,0,0,0
2020-01-01,168,0,0,0,0,0
2020-02-01,168,0,0,0,0,0
2020-02-01,172,0,0,0,0,0
2020-01-01,174,0,0,0,0,0
2020-01-01,175,0,0,0,0,0
2020-01-01,176,0,0,0,0,0
2020-02-01,176,0,0,0,0,0
2020-01-01,178,0,0,0,0,0
2020-02-01,178,0,0,0,0,0
2020-02-01,181,0,0,0,0,0
2020-02-01,183,0,0,0,0,0
2020-02-01,185,0,0,0,0,0
2020-02-01,186,0,0,0,0,0
2020-02-01,187,0,0,0,0,0
2020-01-01,188,0,0,0,0,0
2020-02-01,188,0,0,0,0,0
2020-01-01,190,0,0,0,0,0
2020-01-01,192,0,0,0,0,0
2020-02-01,192,0,0,0,0,0
2020-01-01,193,0,0,0,0,0
2020-02-01,195,0,0,0,0,0
2020-02-01,198,0,0,0,0,0
2020-02-01,200,0,0,0,0,0
2020-01-01,203,0,0,0,0,0
2020-02-01,205,0,0,0,0,0
2020-01-01,207,0,0,0,0,0
2020-01-01,209,0,0,0,0,0
2020-02-01,209,0,0,0,0,0
2020-01-01,211,0,0,0,0,0
2020-01-01,212,0,0,0,0,0
2020-01-01,213,0,0,0,0,0
2020-02-01,213,0,0,0,0,0
2020-01-01,215,0,0,0,0,0
2020-02-01,216,0,0,0,0,0
2020-01-01,217,0,0,0,0,0
2020-01-01,219,0,0,0,0,0
2020-01-01,220,0,0,0,0,0
2020-01-01,221,0,0,0,0,0
2020-02-01,221,0,0,0,0,0
2020-02-01,224,0,0,0,0,0
2020-01-01,227,0,0,0,0,0
2020-02-01,227,0,0,0,0,0
2020-02-01,228,0,0,0,0,0
2020-01-01,229,0,0,0,0,0
2020-02-01,229,0,0,0,0,0
2020-01-01,230,0,0,0,0,0
2020-02-01,230,0,0,0,0,0
2020-01-01,231,0,0,0,0,0
2020-02-01,231,0,0,0,0,0
2020-01-01,232,0,0,0,0,0
2020-02-01,232,0,0,0,0,0
2020-01-01,234,0,0,0,0,0
2020-02-01,234,0,0,0,0,0
2020-01-01,235,0,0,0,0,0
2020-02-01,235,0,0,0,0,0
2020-01-01,236,0,0,0,0,0
2020-02-01,236,0,0,0,0,0
2020-01-01,237,0,0,0,0,0
2020-02-01,237,0,0,0,0,0
2020-01-01,238,0,0,0,0,0
2020-02-01,238,0,0,0,0,0
2020-01-01,239,0,0,0,0,0
2020-02-01,239,0,0,0,0,0
2020-01-01,240,0,0,0,0,0
2020-02-01,240,0,0,0,0,0
2020-01-01,241,0,0,0,0,0
2020-02-01,241,0,0,0,0,0
2020-01-01,242,0,0,0,0,0
2020-02-01,242,0,0,0,0,0
2020-01-01,243,0,0,0,0,0
2020-02-01,243,0,0,0,0,0
2020-01-01,244,0,0,0,0,0
2020-02-01,244,0,0,0,0,0
2020-01-01,246,0,0,0,0,0
2020-02-01,246,0,0,0,0,0
2020-01-01,247,0,0,0,0,0
2020-02-01,247,0,0,0,0,0
2020-01-01,248,0,0,0,0,0
2020-02-01,248,0,0,0,0,0
2020-01-01,249,0,0,0,0,0
2020-02-01,249,0,0,0,0,0
2020-01-01,250,0,0,0,0,0
2020-02-01,250,0,0,0,0,0
2020-01-01,251,0,0,0,0,0
2020-02-01,251,0,0,0,0,0
2020-01-01,252,0,0,0,0,0
2020-02-01,252,0,0,0,0,0
2020-01-01,253,0,0,0,0,0
2020-02-01,253,0,0,0,0,0
2020-01-01,254,0,0,0,0,0
2020-02-01,254,0,0,0,0,0
2020-01-01,255,0,0,0,0,0
2020-02-01,255,0,0,0,0,0
2020-01-01,256,0,0,0,0,0
2020-02-01,256,0,0,0,0,0
2020-01-01,257,0,0,0,0,0
2020-02-01,257,0,0,0,0,0
2020-01-01,258,0,0,0,0,0
2020-02-01,258,0,0,0,0,0
2020-01-01,259,0,0,0,0,0
2020-02-01,259,0,0,0,0,0
2020-01-01,260,0,0,0,0,0
2020-02-01,260,0,0,0,0,0
2020-01-01,261,0,0,0,0,0
2020-02-01,261,0,0,0,0,0
2020-01-01,262,0,0,0,0,0
2020-02-01,262,0,0,0,0,0
2020-01-01,264,0,0,0,0,0
2020-02-01,264,0,0,0,0,0
2020-01-01,265,0,0,0,0,0
2020-02-01,265,0,0,0,0,0
2020-01-01,266,0,0,0,0,0
2020-02-01,266,0,0,0,0,0
2020-01-01,267,0,0,0,0,0
2020-02-01,267,0,0,0,0,0
2020-01-01,268,0,0,0,0,0
2020-02-01,268,0,0,0,0,0
2020-01-01,270,0,0,0,0,0
2020-02-01,270,0,0,0,0,0
2020-01-01,271,0,0,0,0,0
2020-02-01,271,0,0,0,0,0
2020-01-01,272,0,0,0,0,0
2020-02-01,272,0,0,0,0,0
2020-01-01,273,0,0,0,0,0
2020-02-01,273,0,0,0,0,0
2020-01-01,274,0,0,0,0,0
2020-02-01,274,0,0,0,0,0
2020-01-01,275,0,0,0,0,0
2020-02-01,275,0,0,0,0,0
2020-01-01,276,0,0,0,0,0
2020-02-01,276,0,0,0,0,0
2020-01-01,277,0,0,0,0,0
2020-02-01,277,0,0,0,0,0
2020-01-01,278,0,0,0,0,0
2020-02-01,278,0,0,0,0,0
2020-01-01,279,0,0,0,0,0
2020-02-01,279,0,0,0,0,0
2020-01-01,280,0,0,0,0,0
2020-02-01,280,0,0,0,0,0
2020-01-01,281,0,0,0,0,0
2020-02-01,281,0,0,0,0,0
2020-01-01,282,0,0,0,0,0
2020-02-01,282,0,0,0,0,0
2020-01-01,283,0,0,0,0,0
2020-02-01,283,0,0,0,0,0
2020-01-01,284,0,0,0,0,0
2020-02-01,284,0,0,0,0,0
2020-01-01,285,0,0,0,0,0
2020-02-01,285,0,0,0,0,0
2020-01-01,286,0,0,0,0,0
2020-02-01,286,0,0,0,0,0
2020-01-01,287,0,0,0,0,0
2020-02-01,287,0,0,0,0,0
2020-01-01,288,0,0,0,0,0
2020-02-01,288,0,0,0,0,0
2020-01-01,290,0,0,0,0,0
2020-02-01,290,0,0,0,0,0
2020-01-01,291,0,0,0,0,0
2020-02-01,291,0,0,0,0,0
2020-01-01,293,0,0,0,0,0
2020-02-01,293,0,0,0,0,0
2020-01-01,294,0,0,0,0,0
2020-02-01,294,0,0,0,0,0
2020-01-01,295,0,0,0,0,0
2020-02-01,295,0,0,0,0,0
2020-01-01,296,0,0,0,0,0
2020-02-01,296,0,0,0,0,0
2020-01-01,297,0,0,0,0,0
2020-02-01,297,0,0,0,0,0
2020-01-01,298,0,0,0,0,0
2020-02-01,298,0,0,0,0,0
2020-01-01,299,0,0,0,0,0
2020-02-01,299,0,0,0,0,0
2020-01-01,300,0,0,0,0,0
2020-02-01,300,0,0,0,0,0
2020-01-01,301,0,0,0,0,0
2020-02-01,301,0,0,0,0,0
2020-01-01,302,0,0,0,0,0
2020-02-01,302,0,0,0,0,0
2020-01-01,303,0,0,0,0,0
2020-02-01,303,0,0,0,0,0
2020-01-01,304,0,0,0,0,0
2020-02-01,304,0,0,0,0,0
2020-01-01,305,0,0,0,0,0
2020-02-01,305,0,0,0,0,0
2020-01-01,306,0,0,0,0,0
2020-02-01,306,0,0,0,0,0
2020-01-01,307,0,0,0,0,0
2020-02-01,307,0,0,0,0,0
2020-01-01,308,0,0,0,0,0
2020-02-01,308,0,0,0,0,0
2020-01-01,309,0,0,0,0,0
2020-02-01,309,0,0,0,0,0
2020-01-01,310,0,0,0,0,0
2020-02-01,310,0,0,0,0,0
2020-01-01,311,0,0,0,0,0
2020-02-01,311,0,0,0,0,0
2020-01-01,312,0,0,0,0,0
2020-02-01,312,0,0,0,0,0
2020-01-01,313,0,0,0,0,0
2020-02-01,313,0,0,0,0,0
2020-01-01,314,0,0,0,0,0
2020-02-01,314,0,0,0,0,0
2020-01-01,315,0,0,0,0,0
2020-02-01,315,0,0,0,0,0
2020-01-01,316,0,0,0,0,0
2020-02-01,316,0,0,0,0,0
2020-01-01,317,0,0,0,0,0
2020-02-01,317,0,0,0,0,0
2020-01-01,318,0,0,0,0,0
2020-01-01,319,0,0,0,0,0
2020-02-01,319,0,0,0,0,0
2020-01-01,320,0,0,0,0,0
2020-02-01,320,0,0,0,0,0
2020-01-01,321,0,0,0,0,0
2020-02-01,321,0,0,0,0,0
2020-01-01,322,0,0,0,0,0
2020-02-01,322,0,0,0,0,0
2020-01-01,323,0,0,0,0,0
2020-02-01,323,0,0,0,0,0
2020-01-01,325,0,0,0,0,0
2020-02-01,325,0,0,0,0,0
2020-01-01,326,0,0,0,0,0
2020-02-01,326,0,0,0,0,0
2020-01-01,327,0,0,0,0,0
2020-02-01,327,0,0,0,0,0
2020-01-01,328,0,0,0,0,0
2020-02-01,328,0,0,0,0,0
2020-01-01,329,0,0,0,0,0
2020-02-01,329,0,0,0,0,0
2020-01-01,330,0,0,0,0,0
2020-02-01,330,0,0,0,0,0
2020-01-01,331,0,0,0,0,0
2020-02-01,331,0,0,0,0,0
2020-01-01,332,0,0,0,0,0
2020-02-01,332,0,0,0,0,0
2020-01-01,333,0,0,0,0,0
2020-02-01,333,0,0,0,0,0
2020-01-01,334,0,0,0,0,0
2020-02-01,334,0,0,0,0,0
2020-01-01,335,0,0,0,0,0
2020-02-01,335,0,0,0,0,0
2020-01-01,336,0,0,0,0,0
2020-02-01,336,0,0,0,0,0
2020-01-01,337,0,0,0,0,0
2020-02-01,337,0,0,0,0,0
2020-01-01,338,0,0,0,0,0
2020-02-01,338,0,0,0,0,0
2020-02-01,339,0,0,0,0,0
2020-01-01,340,0,0,0,0,0
2020-02-01,340,0,0,0,0,0
2020-01-01,341,0,0,0,0,0
2020-02-01,341,0,0,0,0,0
2020-01-01,342,0,0,0,0,0
2020-02-01,342,0,0,0,0,0
2020-01-01,343,0,0,0,0,0
2020-02-01,343,0,0,0,0,0
2020-01-01,345,0,0,0,0,0
2020-02-01,345,0,0,0,0,0
2020-01-01,346,0,0,0,0,0
2020-02-01,346,0,0,0,0,0
2020-01-01,348,0,0,0,0,0
2020-02-01,348,0,0,0,0,0
2020-01-01,349,0,0,0,0,0
2020-02-01,349,0,0,0,0,0
2020-01-01,350,0,0,0,0,0
2020-02-01,350,0,0,0,0,0
2020-01-01,351,0,0,0,0,0
2020-02-01,351,0,0,0,0,0
2020-01-01,352,0,0,0,0,0
2020-02-01,352,0,0,0,0,0
2020-01-01,353,0,0,0,0,0
2020-02-01,353,0,0,0,0,0
2020-01-01,354,0,0,0,0,0
2020-02-01,354,0,0,0,0,0
2020-01-01,355,0,0,0,0,0
2020-02-01,355,0,0,0,0,0
2020-01-01,356,0,0,0,0,0
2020-02-01,356,0,0,0,0,0
2020-01-01,357,0,0,0,0,0
2020-02-01,357,0,0,0,0,0
2020-01-01,358,0,0,0,0,0
2020-02-01,358,0,0,0,0,0
2020-01-01,359,0,0,0,0,0
2020-02-01,359,0,0,0,0,0
2020-01-01,360,0,0,0,0,0
2020-02-01,360,0,0,0,0,0
2020-01-01,361,0,0,0,0,0
2020-02-01,361,0,0,0,0,0
2020-01-01,362,0,0,0,0,0
2020-02-01,362,0,0,0,0,0
2020-01-01,363,0,0,0,0,0
2020-02-01,363,0,0,0,0,0
2020-01-01,364,0,0,0,0,0
2020-02-01,364,0,0,0,0,0
2020-01-01,365,0,0,0,0,0
2020-02-01,365,0,0,0,0,0
2020-01-01,366,0,0,0,0,0
2020-02-01,366,0,0,0,0,0
2020-01-01,367,0,0,0,0,0
2020-02-01,367,0,0,0,0,0
2020-01-01,368,0,0,0,0,0
2020-02-01,368,0,0,0,0,0
2020-01-01,369,0,0,0,0,0
2020-02-01,369,0,0,0,0,0
2020-01-01,370,0,0,0,0,0
2020-01-01,371,0,0,0,0,0
2020-02-01,371,0,0,0,0,0
2020-01-01,372,0,0,0,0,0
2020-02-01,372,0,0,0,0,0
2020-01-01,374,0,0,0,0,0
2020-02-01,374,0,0,0,0,0
2020-01-01,375,0,0,0,0,0
2020-02-01,375,0,0,0,0,0
2020-01-01,376,0,0,0,0,0
2020-02-01,376,0,0,0,0,0
2020-01-01,377,0,0,0,0,0
2020-02-01,377,0,0,0,0,0
2020-01-01,378,0,0,0,0,0
2020-02-01,378,0,0,0,0,0
2020-01-01,380,0,0,0,0,0
2020-02-01,380,0,0,0,0,0
2020-01-01,381,0,0,0,0,0
2020-02-01,381,0,0,0,0,0
2020-01-01,382,0,0,0,0,0
2020-02-01,382,0,0,0,0,0
2020-01-01,383,0,0,0,0,0
2020-02-01,383,0,0,0,0,0
2020-01-01,384,0,0,0,0,0
2020-02-01,384,0,0,0,0,0
2020-01-01,385,0,0,0,0,0
2020-02-01,385,0,0,0,0,0
2020-01-01,386,0,0,0,0,0
2020-02-01,386,0,0,0,0,0
2020-01-01,387,0,0,0,0,0
2020-02-01,387,0,0,0,0,0
2020-01-01,388,0,0,0,0,0
2020-02-01,388,0,0,0,0,0
2020-01-01,389,0,0,0,0,0
2020-02-01,389,0,0,0,0,0
2020-01-01,390,0,0,0,0,0
2020-02-01,390,0,0,0,0,0
2020-01-01,391,0,0,0,0,0
2020-02-01,391,0,0,0,0,0
2020-01-01,392,0,0,0,0,0
2020-02-01,392,0,0,0,0,0
2020-01-01,393,0,0,0,0,0
2020-02-01,393,0,0,0,0,0
2020-01-01,394,0,0,0,0,0
2020-02-01,394,0,0,0,0,0
2020-01-01,395,0,0,0,0,0
2020-02-01,395,0,0,0,0,0
2020-01-01,396,0,0,0,0,0
2020-02-01,396,0,0,0,0,0
2020-01-01,398,0,0,0,0,0
2020-02-01,398,0,0,0,0,0
2020-02-01,400,0,0,0,0,0
2020-01-01,401,0,0,0,0,0
2020-02-01,401,0,0,0,0,0
2020-01-01,404,0,0,0,0,0
2020-02-01,404,0,0,0,0,0
2020-02-01,405,0,0,0,0,0
2020-01-01,406,0,0,0,0,0
2020-02-01,406,0,0,0,0,0
2020-01-01,408,0,0,0,0,0
2020-02-01,408,0,0,0,0,0
2020-01-01,409,0,0,0,0,0
2020-02-01,409,0,0,0,0,0
2020-01-01,410,0,0,0,0,0
2020-02-01,410,0,0,0,0,0
2020-02-01,412,0,0,0,0,0
2020-01-01,414,0,0,0,0,0
2020-01-01,415,0,0,0,0,0
2020-02-01,415,0,0,0,0,0
2020-01-01,417,0,0,0,0,0
2020-02-01,417,0,0,0,0,0
2020-01-01,419,0,0,0,0,0
2020-02-01,419,0,0,0,0,0
2020-01-01,421,0,0,0,0,0
2020-02-01,421,0,0,0,0,0
2020-01-01,424,0,0,0,0,0
2020-02-01,424,0,0,0,0,0
2020-01-01,426,0,0,0,0,0
2020-01-01,427,0,0,0,0,0
2020-02-01,427,0,0,0,0,0
2020-01-01,429,0,0,0,0,0
2020-02-01,429,0,0,0,0,0
2020-01-01,431,0,0,0,0,0
2020-02-01,431,0,0,0,0,0
2020-01-01,432,0,0,0,0,0
2020-01-01,433,0,0,0,0,0
2020-02-01,433,0,0,0,0,0
2020-01-01,434,0,0,0,0,0
2020-02-01,434,0,0,0,0,0
2020-01-01,435,0,0,0,0,0
2020-02-01,435,0,0,0,0,0
2020-01-01,437,0,0,0,0,0
2020-01-01,438,0,0,0,0,0
2020-02-01,438,0,0,0,0,0
2020-01-01,441,0,0,0,0,0
2020-02-01,441,0,0,0,0,0
2020-01-01,443,0,0,0,0,0
2020-02-01,443,0,0,0,0,0
2020-01-01,444,0,0,0,0,0
2020-02-01,444,0,0,0,0,0
2020-02-01,446,0,0,0,0,0
2020-01-01,447,0,0,0,0,0
2020-02-01,447,0,0,0,0,0
2020-02-01,449,0,0,0,0,0
2020-01-01,450,0,0,0,0,0
2020-02-01,450,0,0,0,0,0
2020-01-01,452,0,0,0,0,0
2020-02-01,452,0,0,0,0,0
2020-01-01,454,0,0,0,0,0
2020-02-01,454,0,0,0,0,0
2020-01-01,455,0,0,0,0,0
2020-02-01,455,0,0,0,0,0
2020-01-01,458,0,0,0,0,0
2020-02-01,458,0,0,0,0,0
2020-02-01,459,0,0,0,0,0
2020-01-01,460,0,0,0,0,0
2020-02-01,460,0,0,0,0,0
2020-01-01,461,0,0,0,0,0
2020-01-01,462,0,0,0,0,0
2020-02-01,462,0,0,0,0,0
2020-02-01,463,0,0,0,0,0
2020-01-01,464,0,0,0,0,0
2020-02-01,464,0,0,0,0,0
2020-02-01,465,0,0,0,0,0
2020-01-01,466,0,0,0,0,0
2020-02-01,466,0,0,0,0,0
2020-01-01,467,0,0,0,0,0
2020-02-01,467,0,0,0,0,0
2020-01-01,468,0,0,0,0,0
2020-02-01,468,0,0,0,0,0
2020-01-01,469,0,0,0,0,0
2020-02-01,469,0,0,0,0,0
2020-01-01,470,0,0,0,0,0
2020-01-01,471,0,0,0,0,0
2020-02-01,471,0,0,0,0,0
2020-01-01,472,0,0,0,0,0
2020-01-01,473,0,0,0,0,0
2020-02-01,473,0,0,0,0,0
2020-01-01,474,0,0,0,0,0
2020-01-01,475,0,0,0,0,0
2020-02-01,475,0,0,0,0,0
2020-01-01,477,0,0,0,0,0
2020-01-01,478,0,0,0,0,0
2020-02-01,478,0,0,0,0,0
2020-01-01,480,0,0,0,0,0
2020-01-01,481,0,0,0,0,0
2020-02-01,481,0,0,0,0,0
2020-01-01,483,0,0,0,0,0
2020-02-01,483,0,0,0,0,0
2020-01-01,484,0,0,0,0,0
2020-01-01,485,0,0,0,0,0
2020-02-01,485,0,0,0,0,0
2020-01-01,486,0,0,0,0,0
2020-01-01,487,0,0,0,0,0
2020-02-01,487,0,0,0,0,0
2020-01-01,489,0,0,0,0,0
2020-02-01,489,0,0,0,0,0
2020-01-01,490,0,0,0,0,0
2020-02-01,490,0,0,0,0,0
2020-01-01,492,0,0,0,0,0
2020-02-01,492,0,0,0,0,0
2020-01-01,493,0,0,0,0,0
2020-02-01,493,0,0,0,0,0
2020-01-01,494,0,0,0,0,0
2020-01-01,495,0,0,0,0,0
2020-01-01,496,0,0,0,0,0
2020-02-01,496,0,0,0,0,0
2020-01-01,498,0,0,0,0,0
2020-02-01,498,0,0,0,0,0
2020-01-01,499,0,0,0,0,0
2020-02-01,499,0,0,0,0,0
2020-01-01,501,0,0,0,0,0
2020-02-01,501,0,0,0,0,0
2020-01-01,502,0,0,0,0,0
2020-02-01,502,0,0,0,0,0
2020-01-01,504,0,0,0,0,0
2020-02-01,504,0,0,0,0,0
2020-01-01,505,0,0,0,0,0
2020-02-01,505,0,0,0,0,0
2020-01-01,506,0,0,0,0,0
2020-02-01,506,0,0,0,0,0
2020-01-01,507,0,0,0,0,0
2020-02-01,507,0,0,0,0,0
2020-01-01,508,0,0,0,0,0
2020-02-01,508,0,0,0,0,0
2020-01-01,510,0,0,0,0,0
2020-02-01,510,0,0,0,0,0
2020-01-01,511,0,0,0,0,0
2020-01-01,512,0,0,0,0,0
2020-02-01,512,0,0,0,0,0
2020-01-01,513,0,0,0,0,0
2020-02-01,513,0,0,0,0,0
2020-01-01,514,0,0,0,0,0
2020-02-01,514,0,0,0,0,0
2020-01-01,515,0,0,0,0,0
2020-02-01,515,0,0,0,0,0
2020-01-01,516,0,0,0,0,0
2020-01-01,517,0,0,0,0,0
2020-02-01,517,0,0,0,0,0
2020-01-01,518,0,0,0,0,0
2020-01-01,519,0,0,0,0,0
2020-01-01,520,0,0,0,0,0
2020-02-01,520,0,0,0,0,0
2020-01-01,521,0,0,0,0,0
2020-02-01,521,0,0,0,0,0
2020-01-01,522,0,0,0,0,0
2020-02-01,522,0,0,0,0,0
2020-02-01,523,0,0,0,0,0
2020-01-01,524,0,0,0,0,0
2020-02-01,524,0,0,0,0,0
2020-01-01,525,0,0,0,0,0
2020-02-01,525,0,0,0,0,0
2020-01-01,526,0,0,0,0,0
2020-02-01,526,0,0,0,0,0
2020-01-01,527,0,0,0,0,0
2020-02-01,527,0,0,0,0,0
2020-02-01,528,0,0,0,0,0
2020-01-01,529,0,0,0,0,0
2020-02-01,529,0,0,0,0,0
2020-02-01,530,0,0,0,0,0
2020-01-01,531,0,0,0,0,0
2020-02-01,531,0,0,0,0,0
2020-01-01,532,0,0,0,0,0
2020-02-01,532,0,0,0,0,0
2020-01-01,533,0,0,0,0,0
2020-02-01,533,0,0,0,0,0
2020-01-01,534,0,0,0,0,0
2020-02-01,534,0,0,0,0,0
2020-01-01,535,0,0,0,0,0
2020-02-01,535,0,0,0,0,0
2020-01-01,536,0,0,0,0,0
2020-02-01,536,0,0,0,0,0
2020-01-01,537,0,0,0,0,0
2020-02-01,537,0,0,0,0,0
2020-01-01,538,0,0,0,0,0
2020-02-01,538,0,0,0,0,0
2020-01-01,540,0,0,0,0,0
2020-02-01,540,0,0,0,0,0
2020-01-01,541,0,0,0,0,0
2020-02-01,541,0,0,0,0,0
2020-01-01,542,0,0,0,0,0
2020-02-01,542,0,0,0,0,0
2020-01-01,543,0,0,0,0,0
2020-02-01,543,0,0,0,0,0
2020-01-01,544,0,0,0,0,0
2020-02-01,544,0,0,0,0,0
2020-01-01,546,0,0,0,0,0
2020-02-01,546,0,0,0,0,0
2020-01-01,547,0,0,0,0,0
2020-02-01,547,0,0,0,0,0
2020-01-01,548,0,0,0,0,0
2020-02-01,548,0,0,0,0,0
2020-01-01,549,0,0,0,0,0
2020-02-01,549,0,0,0,0,0
2020-01-01,550,0,0,0,0,0
2020-02-01,550,0,0,0,0,0
2020-01-01,551,0,0,0,0,0
2020-02-01,551,0,0,0,0,0
2020-01-01,552,0,0,0,0,0
2020-02-01,552,0,0,0,0,0
2020-01-01,553,0,0,0,0,0
2020-02-01,553,0,0,0,0,0
2020-01-01,554,0,0,0,0,0
2020-02-01,554,0,0,0,0,0
2020-01-01,555,0,0,0,0,0
2020-02-01,555,0,0,0,0,0
2020-01-01,556,0,0,0,0,0
2020-02-01,556,0,0,0,0,0
2020-01-01,557,0,0,0,0,0
2020-02-01,557,0,0,0,0,0
2020-01-01,558,0,0,0,0,0
2020-02-01,558,0,0,0,0,0
2020-01-01,559,0,0,0,0,0
2020-02-01,559,0,0,0,0,0
2020-01-01,560,0,0,0,0,0
2020-02-01,560,0,0,0,0,0
2020-01-01,561,0,0,0,0,0
2020-02-01,561,0,0,0,0,0
2020-01-01,562,0,0,0,0,0
2020-02-01,562,0,0,0,0,0
2020-01-01,563,0,0,0,0,0
2020-02-01,564,0,0,0,0,0
2020-01-01,565,0,0,0,0,0
2020-02-01,565,0,0,0,0,0
2020-01-01,566,0,0,0,0,0
2020-02-01,569,0,0,0,0,0
2020-02-01,570,0,0,0,0,0
2020-01-01,572,0,0,0,0,0
2020-01-01,573,0,0,0,0,0
2020-01-01,575,0,0,0,0,0
2020-02-01,577,0,0,0,0,0
2020-01-01,580,0,0,0,0,0
2020-01-01,581,0,0,0,0,0
2020-02-01,587,0,0,0,0,0
2020-02-01,589,0,0,0,0,0
2020-02-01,592,0,0,0,0,0
2020-02-01,593,0,0,0,0,0
2020-01-01,595,0,0,0,0,0
2020-02-01,595,0,0,0,0,0
2020-01-01,596,0,0,0,0,0
2020-02-01,596,0,0,0,0,0
2020-01-01,597,0,0,0,0,0
2020-02-01,597,0,0,0,0,0
2020-01-01,598,0,0,0,0,0
2020-02-01,598,0,0,0,0,0
2020-01-01,599,0,0,0,0,0
2020-02-01,599,0,0,0,0,0
2020-01-01,600,0,0,0,0,0
2020-02-01,600,0,0,0,0,0
2020-01-01,601,0,0,0,0,0
2020-02-01,601,0,0,0,0,0
2020-01-01,602,0,0,0,0,0
2020-02-01,602,0,0,0,0,0
2020-01-01,603,0,0,0,0,0
2020-02-01,603,0,0,0,0,0
2020-01-01,604,0,0,0,0,0
2020-02-01,604,0,0,0,0,0
2020-01-01,605,0,0,0,0,0
2020-02-01,605,0,0,0,0,0
2020-01-01,606,0,0,0,0,0
2020-02-01,606,0,0,0,0,0
2020-01-01,607,0,0,0,0,0
2020-02-01,607,0,0,0,0,0
2020-01-01,608,0,0,0,0,0
2020-02-01,608,0,0,0,0,0
2020-01-01,609,0,0,0,0,0
2020-02-01,609,0,0,0,0,0
2020-01-01,610,0,0,0,0,0
2020-02-01,610,0,0,0,0,0
2020-01-01,611,0,0,0,0,0
2020-02-01,611,0,0,0,0,0
2020-01-01,613,0,0,0,0,0
2020-02-01,613,0,0,0,0,0
2020-01-01,614,0,0,0,0,0
2020-02-01,614,0,0,0,0,0
2020-01-01,615,0,0,0,0,0
2020-02-01,615,0,0,0,0,0
2020-01-01,616,0,0,0,0,0
2020-02-01,616,0,0,0,0,0
2020-01-01,617,0,0,0,0,0
2020-02-01,617,0,0,0,0,0
2020-01-01,618,0,0,0,0,0
2020-02-01,618,0,0,0,0,0
2020-01-01,619,0,0,0,0,0
2020-02-01,619,0,0,0,0,0
2020-01-01,620,0,0,0,0,0
2020-02-01,620,0,0,0,0,0
2020-01-01,621,0,0,0,0,0
2020-02-01,621,0,0,0,0,0
2020-01-01,622,0,0,0,0,0
2020-02-01,622,0,0,0,0,0
2020-01-01,623,0,0,0,0,0
2020-02-01,623,0,0,0,0,0
2020-01-01,625,0,0,0,0,0
2020-02-01,625,0,0,0,0,0
2020-01-01,626,0,0,0,0,0
2020-02-01,626,0,0,0,0,0
2020-01-01,627,0,0,0,0,0
2020-02-01,627,0,0,0,0,0
2020-01-01,628,0,0,0,0,0
2020-02-01,628,0,0,0,0,0
2020-01-01,629,0,0,0,0,0
2020-02-01,629,0,0,0,0,0
2020-01-01,631,0,0,0,0,0
2020-02-01,631,0,0,0,0,0
2020-01-01,632,0,0,0,0,0
2020-02-01,632,0,0,0,0,0
2020-01-01,633,0,0,0,0,0
2020-02-01,633,0,0,0,0,0
2020-01-01,634,0,0,0,0,0
2020-02-01,634,0,0,0,0,0
2020-01-01,635,0,0,0,0,0
2020-02-01,635,0,0,0,0,0
2020-01-01,636,0,0,0,0,0
2020-02-01,636,0,0,0,0,0
2020-01-01,637,0,0,0,0,0
2020-02-01,637,0,0,0,0,0
2020-01-01,638,0,0,0,0,0
2020-02-01,638,0,0,0,0,0
2020-01-01,639,0,0,0,0,0
2020-02-01,639,0,0,0,0,0
2020-01-01,640,0,0,0,0,0
2020-02-01,640,0,0,0,0,0
2020-01-01,641,0,0,0,0,0
2020-02-01,641,0,0,0,0,0
2020-01-01,642,0,0,0,0,0
2020-02-01,642,0,0,0,0,0
2020-01-01,643,0,0,0,0,0
2020-02-01,643,0,0,0,0,0
2020-01-01,644,0,0,0,0,0
2020-02-01,644,0,0,0,0,0
2020-01-01,645,0,0,0,0,0
2020-02-01,645,0,0,0,0,0
2020-01-01,646,0,0,0,0,0
2020-02-01,646,0,0,0,0,0
2020-01-01,647,0,0,0,0,0
2020-02-01,647,0,0,0,0,0
2020-01-01,648,0,0,0,0,0
2020-02-01,648,0,0,0,0,0
2020-01-01,649,0,0,0,0,0
2020-02-01,649,0,0,0,0,0
2020-01-01,650,0,0,0,0,0
2020-02-01,650,0,0,0,0,0
2020-01-01,652,0,0,0,0,0
2020-02-01,652,0,0,0,0,0
2020-01-01,653,0,0,0,0,0
2020-02-01,653,0,0,0,0,0
2020-01-01,654,0,0,0,0,0
2020-01-01,655,0,0,0,0,0
2020-02-01,655,0,0,0,0,0
2020-01-01,656,0,0,0,0,0
2020-02-01,656,0,0,0,0,0
2020-01-01,657,0,0,0,0,0
2020-02-01,657,0,0,0,0,0
2020-01-01,658,0,0,0,0,0
2020-02-01,658,0,0,0,0,0
2020-01-01,659,0,0,0,0,0
2020-02-01,659,0,0,0,0,0
2020-01-01,660,0,0,0,0,0
2020-02-01,660,0,0,0,0,0
2020-01-01,661,0,0,0,0,0
2020-02-01,661,0,0,0,0,0
2020-01-01,662,0,0,0,0,0
2020-02-01,662,0,0,0,0,0
2020-01-01,664,0,0,0,0,0
2020-02-01,664,0,0,0,0,0
2020-01-01,665,0,0,0,0,0
2020-02-01,665,0,0,0,0,0
2020-01-01,666,0,0,0,0,0
2020-02-01,666,0,0,0,0,0
2020-01-01,667,0,0,0,0,0
2020-02-01,667,0,0,0,0,0
2020-01-01,668,0,0,0,0,0
2020-02-01,668,0,0,0,0,0
2020-01-01,669,0,0,0,0,0
2020-02-01,669,0,0,0,0,0
2020-01-01,670,0,0,0,0,0
2020-02-01,670,0,0,0,0,0
2020-01-01,671,0,0,0,0,0
2020-02-01,671,0,0,0,0,0
2020-01-01,672,0,0,0,0,0
2020-02-01,672,0,0,0,0,0
2020-01-01,673,0,0,0,0,0
2020-02-01,673,0,0,0,0,0
2020-01-01,674,0,0,0,0,0
2020-02-01,674,0,0,0,0,0
2020-01-01,675,0,0,0,0,0
2020-02-01,675,0,0,0,0,0
2020-01-01,676,0,0,0,0,0
2020-02-01,676,0,0,0,0,0
2020-01-01,677,0,0,0,0,0
2020-02-01,677,0,0,0,0,0
2020-01-01,678,0,0,0,0,0
2020-02-01,678,0,0,0,0,0
2020-01-01,679,0,0,0,0,0
2020-02-01,679,0,0,0,0,0
2020-01-01,680,0,0,0,0,0
2020-02-01,680,0,0,0,0,0
2020-01-01,681,0,0,0,0,0
2020-02-01,681,0,0,0,0,0
2020-01-01,682,0,0,0,0,0
2020-02-01,682,0,0,0,0,0
2020-01-01,683,0,0,0,0,0
2020-02-01,683,0,0,0,0,0
2020-01-01,684,0,0,0,0,0
2020-02-01,684,0,0,0,0,0
2020-01-01,685,0,0,0,0,0
2020-02-01,685,0,0,0,0,0
2020-01-01,686,0,0,0,0,0
2020-02-01,686,0,0,0,0,0
2020-01-01,688,0,0,0,0,0
2020-02-01,688,0,0,0,0,0
2020-01-01,689,0,0,0,0,0
2020-02-01,689,0,0,0,0,0
2020-01-01,690,0,0,0,0,0
2020-02-01,690,0,0,0,0,0
2020-01-01,691,0,0,0,0,0
2020-02-01,691,0,0,0,0,0
2020-01-01,692,0,0,0,0,0
2020-02-01,692,0,0,0,0,0
2020-01-01,693,0,0,0,0,0
2020-02-01,693,0,0,0,0,0
2020-01-01,694,0,0,0,0,0
2020-02-01,694,0,0,0,0,0
2020-01-01,695,0,0,0,0,0
2020-02-01,695,0,0,0,0,0
2020-01-01,696,0,0,0,0,0
2020-02-01,696,0,0,0,0,0
2020-01-01,697,0,0,0,0,0
2020-02-01,697,0,0,0,0,0
2020-01-01,698,0,0,0,0,0
2020-02-01,698,0,0,0,0,0
2020-01-01,699,0,0,0,0,0
2020-02-01,699,0,0,0,0,0
2020-01-01,700,0,0,0,0,0
2020-02-01,700,0,0,0,0,0
2020-01-01,701,0,0,0,0,0
2020-02-01,701,0,0,0,0,0
2020-01-01,702,0,0,0,0,0
2020-02-01,702,0,0,0,0,0
2020-01-01,703,0,0,0,0,0
2020-02-01,703,0,0,0,0,0
2020-01-01,704,0,0,0,0,0
2020-02-01,704,0,0,0,0,0
2020-02-01,707,0,0,0,0,0
2020-01-01,708,0,0,0,0,0
2020-02-01,708,0,0,0,0,0
2020-01-01,710,0,0,0,0,0
2020-02-01,715,0,0,0,0,0
2020-02-01,716,0,0,0,0,0
2020-02-01,718,0,0,0,0,0
2020-01-01,720,0,0,0,0,0
2020-01-01,722,0,0,0,0,0
2020-01-01,726,0,0,0,0,0
2020-02-01,726,0,0,0,0,0
2020-02-01,728,0,0,0,0,0
2020-01-01,729,0,0,0,0,0
2020-01-01,730,0,0,0,0,0
2020-02-01,730,0,0,0,0,0
2020-02-01,732,0,0,0,0,0
2020-02-01,734,0,0,0,0,0
2020-01-01,735,0,0,0,0,0
2020-01-01,738,0,0,0,0,0
2020-01-01,739,0,0,0,0,0
2020-01-01,740,0,0,0,0,0
2020-02-01,740,0,0,0,0,0
2020-02-01,744,0,0,0,0,0
2020-02-01,746,0,0,0,0,0
2020-02-01,747,0,0,0,0,0
2020-02-01,748,0,0,0,0,0
2020-02-01,749,0,0,0,0,0
2020-01-01,751,0,0,0,0,0
2020-02-01,751,0,0,0,0,0
2020-01-01,752,0,0,0,0,0
2020-02-01,752,0,0,0,0,0
2020-01-01,754,0,0,0,0,0
2020-02-01,754,0,0,0,0,0
2020-01-01,755,0,0,0,0,0
2020-02-01,755,0,0,0,0,0
2020-01-01,757,0,0,0,0,0
2020-02-01,757,0,0,0,0,0
2020-01-01,758,0,0,0,0,0
2020-02-01,758,0,0,0,0,0
2020-01-01,759,0,0,0,0,0
2020-02-01,759,0,0,0,0,0
2020-01-01,760,0,0,0,0,0
2020-02-01,760,0,0,0,0,0
2020-01-01,761,0,0,0,0,0
2020-02-01,761,0,0,0,0,0
2020-01-01,762,0,0,0,0,0
2020-02-01,762,0,0,0,0,0
2020-01-01,763,0,0,0,0,0
2020-02-01,763,0,0,0,0,0
2020-01-01,764,0,0,0,0,0
2020-02-01,764,0,0,0,0,0
2020-01-01,765,0,0,0,0,0
2020-02-01,765,0,0,0,0,0
2020-01-01,766,0,0,0,0,0
2020-02-01,766,0,0,0,0,0
2020-01-01,767,0,0,0,0,0
2020-02-01,767,0,0,0,0,0
2020-01-01,768,0,0,0,0,0
2020-02-01,768,0,0,0,0,0
2020-01-01,769,0,0,0,0,0
2020-02-01,769,0,0,0,0,0
2020-01-01,770,0,0,0,0,0
2020-02-01,770,0,0,0,0,0
2020-01-01,771,0,0,0,0,0
2020-02-01,771,0,0,0,0,0
2020-01-01,772,0,0,0,0,0
2020-02-01,772,0,0,0,0,0
2020-01-01,773,0,0,0,0,0
2020-02-01,773,0,0,0,0,0
2020-01-01,774,0,0,0,0,0
2020-02-01,774,0,0,0,0,0
2020-01-01,775,0,0,0,0,0
2020-02-01,775,0,0,0,0,0
2020-01-01,776,0,0,0,0,0
2020-02-01,776,0,0,0,0,0
2020-01-01,777,0,0,0,0,0
2020-02-01,777,0,0,0,0,0
2020-01-01,778,0,0,0,0,0
2020-02-01,778,0,0,0,0,0
2020-01-01,779,0,0,0,0,0
2020-02-01,779,0,0,0,0,0
2020-01-01,780,0,0,0,0,0
2020-02-01,780,0,0,0,0,0
2020-01-01,781,0,0,0,0,0
2020-02-01,781,0,0,0,0,0
2020-01-01,782,0,0,0,0,0
2020-01-01,783,0,0,0,0,0
2020-02-01,783,0,0,0,0,0
2020-01-01,784,0,0,0,0,0
2020-02-01,784,0,0,0,0,0
2020-01-01,785,0,0,0,0,0
2020-02-01,785,0,0,0,0,0
2020-01-01,786,0,0,0,0,0
2020-02-01,786,0,0,0,0,0
2020-01-01,787,0,0,0,0,0
2020-02-01,787,0,0,0,0,0
2020-01-01,789,0,0,0,0,0
2020-02-01,789,0,0,0,0,0
2020-01-01,790,0,0,0,0,0
2020-02-01,790,0,0,0,0,0
2020-01-01,791,0,0,0,0,0
2020-02-01,791,0,0,0,0,0
2020-01-01,792,0,0,0,0,0
2020-02-01,792,0,0,0,0,0
2020-01-01,793,0,0,0,0,0
2020-02-01,793,0,0,0,0,0
2020-01-01,794,0,0,0,0,0
2020-02-01,794,0,0,0,0,0
2020-01-01,795,0,0,0,0,0
2020-02-01,795,0,0,0,0,0
2020-01-01,796,0,0,0,0,0
2020-02-01,796,0,0,0,0,0
2020-01-01,797,0,0,0,0,0
2020-02-01,797,0,0,0,0,0
2020-01-01,798,0,0,0,0,0
2020-02-01,798,0,0,0,0,0
2020-01-01,799,0,0,0,0,0
2020-02-01,799,0,0,0,0,0
2020-01-01,800,0,0,0,0,0
2020-02-01,800,0,0,0,0,0
2020-01-01,801,0,0,0,0,0
2020-02-01,801,0,0,0,0,0
2020-01-01,802,0,0,0,0,0
2020-02-01,802,0,0,0,0,0
2020-01-01,803,0,0,0,0,0
2020-02-01,803,0,0,0,0,0
2020-01-01,804,0,0,0,0,0
2020-02-01,804,0,0,0,0,0
2020-01-01,805,0,0,0,0,0
2020-02-01,805,0,0,0,0,0
2020-01-01,807,0,0,0,0,0
2020-02-01,807,0,0,0,0,0
2020-01-01,808,0,0,0,0,0
2020-02-01,808,0,0,0,0,0
2020-01-01,809,0,0,0,0,0
2020-02-01,809,0,0,0,0,0
2020-01-01,810,0,0,0,0,0
2020-01-01,811,0,0,0,0,0
2020-02-01,811,0,0,0,0,0
2020-02-01,812,0,0,0,0,0
2020-02-01,813,0,0,0,0,0
2020-01-01,814,0,0,0,0,0
2020-02-01,814,0,0,0,0,0
2020-01-01,815,0,0,0,0,0
2020-02-01,815,0,0,0,0,0
2020-01-01,816,0,0,0,0,0
2020-02-01,816,0,0,0,0,0
2020-01-01,817,0,0,0,0,0
2020-02-01,817,0,0,0,0,0
2020-01-01,818,0,0,0,0,0
2020-02-01,818,0,0,0,0,0
2020-01-01,819,0,0,0,0,0
2020-02-01,819,0,0,0,0,0
2020-01-01,820,0,0,0,0,0
2020-02-01,820,0,0,0,0,0
2020-01-01,821,0,0,0,0,0
2020-02-01,821,0,0,0,0,0
2020-01-01,822,0,0,0,0,0
2020-02-01,822,0,0,0,0,0
2020-01-01,823,0,0,0,0,0
2020-01-01,824,0,0,0,0,0
2020-02-01,824,0,0,0,0,0
2020-01-01,825,0,0,0,0,0
2020-02-01,825,0,0,0,0,0
2020-01-01,826,0,0,0,0,0
2020-02-01,826,0,0,0,0,0
2020-01-01,827,0,0,0,0,0
2020-02-01,827,0,0,0,0,0
2020-01-01,828,0,0,0,0,0
2020-02-01,828,0,0,0,0,0
2020-01-01,829,0,0,0,0,0
2020-02-01,829,0,0,0,0,0
2020-01-01,830,0,0,0,0,0
2020-02-01,830,0,0,0,0,0
2020-01-01,831,0,0,0,0,0
2020-02-01,831,0,0,0,0,0
2020-01-01,833,0,0,0,0,0
2020-01-01,834,0,0,0,0,0
2020-02-01,834,0,0,0,0,0
2020-01-01,835,0,0,0,0,0
2020-01-01,836,0,0,0,0,0
2020-02-01,836,0,0,0,0,0
2020-01-01,837,0,0,0,0,0
2020-02-01,837,0,0,0,0,0
2020-01-01,838,0,0,0,0,0
2020-02-01,838,0,0,0,0,0
2020-01-01,839,0,0,0,0,0
2020-01-01,840,0,0,0,0,0
2020-02-01,840,0,0,0,0,0
2020-01-01,842,0,0,0,0,0
2020-02-01,842,0,0,0,0,0
2020-01-01,843,0,0,0,0,0
2020-02-01,843,0,0,0,0,0
2020-01-01,845,0,0,0,0,0
2020-02-01,845,0,0,0,0,0
2020-01-01,846,0,0,0,0,0
2020-02-01,846,0,0,0,0,0
2020-01-01,847,0,0,0,0,0
2020-01-01,848,0,0,0,0,0
2020-01-01,849,0,0,0,0,0
2020-02-01,849,0,0,0,0,0
2020-01-01,850,0,0,0,0,0
2020-02-01,850,0,0,0,0,0
2020-01-01,851,0,0,0,0,0
2020-02-01,851,0,0,0,0,0
2020-01-01,852,0,0,0,0,0
2020-02-01,852,0,0,0,0,0
2020-02-01,853,0,0,0,0,0
2020-01-01,854,0,0,0,0,0
2020-02-01,854,0,0,0,0,0
2020-01-01,855,0,0,0,0,0
2020-02-01,855,0,0,0,0,0
2020-02-01,857,0,0,0,0,0
2020-01-01,858,0,0,0,0,0
2020-02-01,858,0,0,0,0,0
2020-02-01,859,0,0,0,0,0
2020-01-01,861,0,0,0,0,0
2020-01-01,863,0,0,0,0,0
2020-02-01,864,0,0,0,0,0
2020-02-01,866,0,0,0,0,0
2020-01-01,870,0,0,0,0,0
2020-02-01,875,0,0,0,0,0
2020-02-01,878,0,0,0,0,0
2020-01-01,880,0,0,0,0,0
2020-02-01,880,0,0,0,0,0
2020-01-01,885,0,0,0,0,0
2020-01-01,887,0,0,0,0,0
2020-02-01,889,0,0,0,0,0
2020-02-01,892,0,0,0,0,0
2020-01-01,894,0,0,0,0,0
2020-02-01,894,0,0,0,0,0
2020-02-01,899,0,0,0,0,0
2020-01-01,900,0,0,0,0,0
2020-01-01,902,0,0,0,0,0
2020-01-01,903,0,0,0,0,0
2020-01-01,904,0,0,0,0,0
2020-02-01,904,0,0,0,0,0
2020-01-01,906,0,0,0,0,0
2020-02-01,906,0,0,0,0,0
2020-01-01,908,0,0,0,0,0
2020-02-01,908,0,0,0,0,0
2020-01-01,910,0,0,0,0,0
2020-02-01,910,0,0,0,0,0
2020-01-01,912,0,0,0,0,0
2020-01-01,913,0,0,0,0,0
2020-02-01,913,0,0,0,0,0
2020-01-01,915,0,0,0,0,0
2020-02-01,915,0,0,0,0,0
2020-01-01,917,0,0,0,0,0
2020-01-01,919,0,0,0,0,0
2020-02-01,919,0,0,0,0,0
2020-01-01,924,0,0,0,0,0
2020-01-01,925,0,0,0,0,0
2020-02-01,925,0,0,0,0,0
2020-01-01,927,0,0,0,0,0
2020-02-01,927,0,0,0,0,0
2020-01-01,929,0,0,0,0,0
2020-02-01,929,0,0,0,0,0
2020-01-01,930,0,0,0,0,0
2020-01-01,931,0,0,0,0,0
2020-02-01,931,0,0,0,0,0
2020-01-01,933,0,0,0,0,0
2020-02-01,933,0,0,0,0,0
2020-01-01,934,0,0,0,0,0
2020-01-01,935,0,0,0,0,0
2020-02-01,935,0,0,0,0,0
2020-02-01,939,0,0,0,0,0
2020-01-01,940,0,0,0,0,0
2020-02-01,942,0,0,0,0,0
2020-01-01,943,0,0,0,0,0
2020-02-01,943,0,0,0,0,0
2020-01-01,945,0,0,0,0,0
2020-02-01,945,0,0,0,0,0
2020-01-01,946,0,0,0,0,0
2020-02-01,946,0,0,0,0,0
2020-01-01,947,0,0,0,0,0
2020-02-01,947,0,0,0,0,0
2020-01-01,948,0,0,0,0,0
2020-02-01,948,0,0,0,0,0
2020-01-01,949,0,0,0,0,0
2020-02-01,949,0,0,0,0,0
2020-01-01,951,0,0,0,0,0
2020-02-01,951,0,0,0,0,0
2020-01-01,952,0,0,0,0,0
2020-02-01,952,0,0,0,0,0
2020-01-01,953,0,0,0,0,0
2020-02-01,953,0,0,0,0,0
2020-01-01,954,0,0,0,0,0
2020-02-01,954,0,0,0,0,0
2020-01-01,955,0,0,0,0,0
2020-02-01,955,0,0,0,0,0
2020-01-01,956,0,0,0,0,0
2020-02-01,956,0,0,0,0,0
2020-01-01,957,0,0,0,0,0
2020-02-01,957,0,0,0,0,0
2020-01-01,958,0,0,0,0,0
2020-02-01,958,0,0,0,0,0
2020-01-01,959,0,0,0,0,0
2020-02-01,959,0,0,0,0,0
2020-01-01,961,0,0,0,0,0
2020-02-01,961,0,0,0,0,0
2020-01-01,962,0,0,0,0,0
2020-02-01,962,0,0,0,0,0
2020-01-01,963,0,0,0,0,0
2020-02-01,963,0,0,0,0,0
2020-01-01,964,0,0,0,0,0
2020-02-01,964,0,0,0,0,0
2020-01-01,965,0,0,0,0,0
2020-02-01,965,0,0,0,0,0
2020-01-01,966,0,0,0,0,0
2020-02-01,966,0,0,0,0,0
2020-01-01,967,0,0,0,0,0
2020-02-01,967,0,0,0,0,0
2020-01-01,968,0,0,0,0,0
2020-02-01,968,0,0,0,0,0
2020-01-01,969,0,0,0,0,0
2020-02-01,969,0,0,0,0,0
2020-01-01,970,0,0,0,0,0
2020-02-01,970,0,0,0,0,0
2020-01-01,971,0,0,0,0,0
2020-02-01,971,0,0,0,0,0
2020-01-01,972,0,0,0,0,0
2020-02-01,972,0,0,0,0,0
2020-01-01,973,0,0,0,0,0
2020-02-01,973,0,0,0,0,0
2020-01-01,974,0,0,0,0,0
2020-02-01,974,0,0,0,0,0
2020-01-01,975,0,0,0,0,0
2020-02-01,975,0,0,0,0,0
2020-01-01,976,0,0,0,0,0
2020-02-01,976,0,0,0,0,0
2020-01-01,977,0,0,0,0,0
2020-02-01,977,0,0,0,0,0
2020-01-01,978,0,0,0,0,0
2020-02-01,978,0,0,0,0,0
2020-01-01,979,0,0,0,0,0
2020-02-01,979,0,0,0,0,0
2020-01-01,980,0,0,0,0,0
2020-02-01,980,0,0,0,0,0
2020-01-01,981,0,0,0,0,0
2020-02-01,981,0,0,0,0,0
2020-01-01,982,0,0,0,0,0
2020-02-01,982,0,0,0,0,0
2020-01-01,983,0,0,0,0,0
2020-02-01,983,0,0,0,0,0
2020-01-01,984,0,0,0,0,0
2020-02-01,984,0,0,0,0,0
2020-01-01,985,0,0,0,0,0
2020-02-01,985,0,0,0,0,0
2020-01-01,986,0,0,0,0,0
2020-01-01,987,0,0,0,0,0
2020-02-01,987,0,0,0,0,0
2020-01-01,988,0,0,0,0,0
2020-02-01,988,0,0,0,0,0
2020-01-01,989,0,0,0,0,0
2020-02-01,989,0,0,0,0,0
2020-01-01,990,0,0,0,0,0
2020-02-01,990,0,0,0,0,0
2020-01-01,991,0,0,0,0,0
2020-02-01,991,0,0,0,0,0
2020-01-01,992,0,0,0,0,0
2020-02-01,992,0,0,0,0,0
2020-01-01,993,0,0,0,0,0
2020-02-01,993,0,0,0,0,0
2020-01-01,994,0,0,0,0,0
2020-02-01,994,0,0,0,0,0
2020-01-01,995,0,0,0,0,0
2020-02-01,995,0,0,0,0,0
2020-01-01,996,0,0,0,0,0
2020-02-01,996,0,0,0,0,0
2020-01-01,997,0,0,0,0,0
2020-02-01,997,0,0,0,0,0
2020-01-01,998,0,0,0,0,0
2020-02-01,998,0,0,0,0,0
2020-01-01,999,0,0,0,0,0
2020-02-01,999,0,0,0,0,0
2020-01-01,1000,0,0,0,0,0
2020-02-01,1000,0,0,0,0,0
2020-01-01,1001,0,0,0,0,0
2020-02-01,1001,0,0,0,0,0
2020-01-01,1002,0,0,0,0,0
2020-02-01,1002,0,0,0,0,0
2020-01-01,1003,0,0,0,0,0
2020-02-01,1003,0,0,0,0,0
2020-01-01,1004,0,0,0,0,0
2020-01-01,1006,0,0,0,0,0
2020-02-01,1006,0,0,0,0,0
2020-01-01,1007,0,0,0,0,0
2020-02-01,1011,0,0,0,0,0
2020-02-01,1012,0,0,0,0,0
2020-02-01,1013,0,0,0,0,0
2020-02-01,1015,0,0,0,0,0
2020-01-01,1016,0,0,0,0,0
2020-02-01,1023,0,0,0,0,0
2020-01-01,1027,0,0,0,0,0
2020-01-01,1029,0,0,0,0,0
2020-01-01,1035,0,0,0,0,0
2020-02-01,1035,0,0,0,0,0
2020-02-01,1037,0,0,0,0,0
2020-02-01,1039,0,0,0,0,0
2020-02-01,1042,0,0,0,0,0
2020-02-01,1044,0,0,0,0,0
2020-01-01,1046,0,0,0,0,0
2020-02-01,1047,0,0,0,0,0
2020-01-01,1048,0,0,0,0,0
2020-01-01,1050,0,0,0,0,0
2020-02-01,1055,0,0,0,0,0
2020-01-01,1056,0,0,0,0,0
2020-02-01,1056,0,0,0,0,0
2020-01-01,1060,0,0,0,0,0
2020-01-01,1061,0,0,0,0,0
2020-02-01,1063,0,0,0,0,0
2020-01-01,1065,0,0,0,0,0
2020-02-01,1065,0,0,0,0,0
2020-02-01,1067,0,0,0,0,0
2020-01-01,1072,0,0,0,0,0
2020-02-01,1072,0,0,0,0,0
2020-01-01,1073,0,0,0,0,0
2020-02-01,1073,0,0,0,0,0
2020-01-01,1077,0,0,0,0,0
2020-02-01,1077,0,0,0,0,0
2020-01-01,1079,0,0,0,0,0
2020-01-01,1081,0,0,0,0,0
2020-01-01,1082,0,0,0,0,0
2020-02-01,1082,0,0,0,0,0
2020-02-01,1085,0,0,0,0,0
2020-01-01,1088,0,0,0,0,0
2020-02-01,1088,0,0,0,0,0
2020-01-01,1091,0,0,0,0,0
2020-02-01,1091,0,0,0,0,0
2020-02-01,1094,0,0,0,0,0
2020-02-01,1096,0,0,0,0,0
2020-01-01,1097,0,0,0,0,0
2020-02-01,1097,0,0,0,0,0
2020-01-01,1098,0,0,0,0,0
2020-02-01,1098,0,0,0,0,0
2020-01-01,1099,0,0,0,0,0
2020-02-01,1099,0,0,0,0,0
2020-01-01,1100,0,0,0,0,0
2020-02-01,1100,0,0,0,0,0
2020-01-01,1102,0,0,0,0,0
2020-02-01,1102,0,0,0,0,0
2020-01-01,1103,0,0,0,0,0
2020-02-01,1103,0,0,0,0,0
2020-01-01,1104,0,0,0,0,0
2020-02-01,1104,0,0,0,0,0
2020-01-01,1105,0,0,0,0,0
2020-02-01,1105,0,0,0,0,0
2020-01-01,1106,0,0,0,0,0
2020-02-01,1106,0,0,0,0,0
2020-01-01,1107,0,0,0,0,0
2020-02-01,1107,0,0,0,0,0
2020-01-01,1108,0,0,0,0,0
2020-02-01,1108,0,0,0,0,0
2020-01-01,1109,0,0,0,0,0
2020-02-01,1109,0,0,0,0,0
2020-01-01,1110,0,0,0,0,0
2020-02-01,1110,0,0,0,0,0
2020-01-01,1112,0,0,0,0,0
2020-02-01,1112,0,0,0,0,0
2020-01-01,1113,0,0,0,0,0
2020-02-01,1113,0,0,0,0,0
2020-01-01,1115,0,0,0,0,0
2020-02-01,1115,0,0,0,0,0
2020-01-01,1116,0,0,0,0,0
2020-02-01,1116,0,0,0,0,0
2020-01-01,1117,0,0,0,0,0
2020-02-01,1117,0,0,0,0,0
2020-01-01,1118,0,0,0,0,0
2020-02-01,1118,0,0,0,0,0
2020-01-01,1119,0,0,0,0,0
2020-02-01,1119,0,0,0,0,0
2020-01-01,1120,0,0,0,0,0
2020-02-01,1120,0,0,0,0,0
2020-01-01,1121,0,0,0,0,0
2020-02-01,1121,0,0,0,0,0
2020-01-01,1122,0,0,0,0,0
2020-02-01,1122,0,0,0,0,0
2020-01-01,1123,0,0,0,0,0
2020-02-01,1123,0,0,0,0,0
2020-01-01,1124,0,0,0,0,0
2020-02-01,1124,0,0,0,0,0
2020-01-01,1125,0,0,0,0,0
2020-02-01,1125,0,0,0,0,0
2020-01-01,1126,0,0,0,0,0
2020-02-01,1126,0,0,0,0,0
2020-01-01,1127,0,0,0,0,0
2020-02-01,1127,0,0,0,0,0
2020-01-01,1128,0,0,0,0,0
2020-02-01,1128,0,0,0,0,0
2020-01-01,1129,0,0,0,0,0
2020-02-01,1129,0,0,0,0,0
2020-01-01,1130,0,0,0,0,0
2020-02-01,1130,0,0,0,0,0
2020-01-01,1131,0,0,0,0,0
2020-02-01,1131,0,0,0,0,0
2020-01-01,1132,0,0,0,0,0
2020-02-01,1132,0,0,0,0,0
2020-01-01,1133,0,0,0,0,0
2020-02-01,1133,0,0,0,0,0
2020-01-01,1134,0,0,0,0,0
2020-02-01,1134,0,0,0,0,0
2020-01-01,1135,0,0,0,0,0
2020-02-01,1135,0,0,0,0,0
2020-01-01,1136,0,0,0,0,0
2020-02-01,1136,0,0,0,0,0
2020-01-01,1137,0,0,0,0,0
2020-02-01,1137,0,0,0,0,0
2020-01-01,1139,0,0,0,0,0
2020-02-01,1139,0,0,0,0,0
2020-01-01,1140,0,0,0,0,0
2020-02-01,1140,0,0,0,0,0
2020-01-01,1141,0,0,0,0,0
2020-02-01,1141,0,0,0,0,0
2020-01-01,1142,0,0,0,0,0
2020-02-01,1142,0,0,0,0,0
2020-01-01,1143,0,0,0,0,0
2020-02-01,1143,0,0,0,0,0
2020-01-01,1144,0,0,0,0,0
2020-02-01,1144,0,0,0,0,0
2020-01-01,1145,0,0,0,0,0
2020-02-01,1145,0,0,0,0,0
2020-01-01,1146,0,0,0,0,0
2020-02-01,1146,0,0,0,0,0
2020-01-01,1147,0,0,0,0,0
2020-02-01,1147,0,0,0,0,0
2020-01-01,1148,0,0,0,0,0
2020-02-01,1148,0,0,0,0,0
2020-01-01,1149,0,0,0,0,0
2020-02-01,1149,0,0,0,0,0
2020-01-01,1150,0,0,0,0,0
2020-02-01,1150,0,0,0,0,0
2020-01-01,1151,0,0,0,0,0
2020-02-01,1151,0,0,0,0,0
2020-01-01,1152,0,0,0,0,0
2020-02-01,1152,0,0,0,0,0
2020-01-01,1153,0,0,0,0,0
2020-02-01,1153,0,0,0,0,0
2020-01-01,1154,0,0,0,0,0
2020-02-01,1154,0,0,0,0,0
2020-01-01,1155,0,0,0,0,0
2020-02-01,1155,0,0,0,0,0
2020-01-01,1156,0,0,0,0,0
2020-02-01,1156,0,0,0,0,0
2020-01-01,1157,0,0,0,0,0
2020-02-01,1157,0,0,0,0,0
2020-01-01,1158,0,0,0,0,0
2020-02-01,1158,0,0,0,0,0
2020-01-01,1159,0,0,0,0,0
2020-02-01,1159,0,0,0,0,0
2020-01-01,1160,0,0,0,0,0
2020-01-01,1161,0,0,0,0,0
2020-02-01,1161,0,0,0,0,0
2020-01-01,1162,0,0,0,0,0
2020-02-01,1162,0,0,0,0,0
2020-01-01,1163,0,0,0,0,0
2020-02-01,1163,0,0,0,0,0
2020-01-01,1164,0,0,0,0,0
2020-02-01,1164,0,0,0,0,0
2020-01-01,1165,0,0,0,0,0
2020-02-01,1165,0,0,0,0,0
2020-01-01,1166,0,0,0,0,0
2020-02-01,1166,0,0,0,0,0
2020-01-01,1167,0,0,0,0,0
2020-02-01,1167,0,0,0,0,0
2020-01-01,1168,0,0,0,0,0
2020-02-01,1168,0,0,0,0,0
2020-01-01,1169,0,0,0,0,0
2020-02-01,1169,0,0,0,0,0
2020-01-01,1171,0,0,0,0,0
2020-02-01,1171,0,0,0,0,0
2020-01-01,1172,0,0,0,0,0
2020-02-01,1172,0,0,0,0,0
2020-01-01,1174,0,0,0,0,0
2020-02-01,1174,0,0,0,0,0
2020-01-01,1175,0,0,0,0,0
2020-02-01,1175,0,0,0,0,0
2020-01-01,1176,0,0,0,0,0
2020-02-01,1176,0,0,0,0,0
2020-01-01,1177,0,0,0,0,0
2020-02-01,1177,0,0,0,0,0
2020-01-01,1178,0,0,0,0,0
2020-02-01,1178,0,0,0,0,0
2020-01-01,1179,0,0,0,0,0
2020-02-01,1179,0,0,0,0,0
2020-01-01,1180,0,0,0,0,0
2020-02-01,1180,0,0,0,0,0
2020-01-01,1182,0,0,0,0,0
2020-02-01,1182,0,0,0,0,0
2020-01-01,1183,0,0,0,0,0
2020-02-01,1183,0,0,0,0,0
2020-01-01,1185,0,0,0,0,0
2020-02-01,1185,0,0,0,0,0
2020-01-01,1186,0,0,0,0,0
2020-02-01,1186,0,0,0,0,0
2020-01-01,1187,0,0,0,0,0
2020-02-01,1187,0,0,0,0,0
2020-01-01,1188,0,0,0,0,0
2020-02-01,1188,0,0,0,0,0
2020-01-01,1189,0,0,0,0,0
2020-02-01,1189,0,0,0,0,0
2020-01-01,1190,0,0,0,0,0
2020-02-01,1190,0,0,0,0,0
2020-01-01,1191,0,0,0,0,0
2020-02-01,1191,0,0,0,0,0
2020-01-01,1192,0,0,0,0,0
2020-02-01,1192,0,0,0,0,0
2020-01-01,1193,0,0,0,0,0
2020-02-01,1193,0,0,0,0,0
2020-01-01,1194,0,0,0,0,0
2020-02-01,1194,0,0,0,0,0
2020-01-01,1195,0,0,0,0,0
2020-02-01,1195,0,0,0,0,0
2020-01-01,1196,0,0,0,0,0
2020-02-01,1196,0,0,0,0,0
2020-01-01,1197,0,0,0,0,0
2020-02-01,1197,0,0,0,0,0
2020-01-01,1198,0,0,0,0,0
2020-02-01,1198,0,0,0,0,0
2020-01-01,1200,0,0,0,0,0
2020-02-01,1200,0,0,0,0,0
2020-01-01,1201,0,0,0,0,0
2020-02-01,1201,0,0,0,0,0
2020-01-01,1202,0,0,0,0,0
2020-02-01,1202,0,0,0,0,0
2020-01-01,1203,0,0,0,0,0
2020-02-01,1203,0,0,0,0,0
2020-01-01,1205,0,0,0,0,0
2020-02-01,1205,0,0,0,0,0
2020-01-01,1207,0,0,0,0,0
2020-02-01,1207,0,0,0,0,0
2020-01-01,1209,0,0,0,0,0
2020-02-01,1209,0,0,0,0,0
2020-01-01,1211,0,0,0,0,0
2020-02-01,1211,0,0,0,0,0
2020-02-01,1213,0,0,0,0,0
2020-01-01,1215,0,0,0,0,0
2020-02-01,1215,0,0,0,0,0
2020-01-01,1217,0,0,0,0,0
2020-02-01,1217,0,0,0,0,0
2020-01-01,1218,0,0,0,0,0
2020-02-01,1218,0,0,0,0,0
2020-01-01,1219,0,0,0,0,0
2020-02-01,1219,0,0,0,0,0
2020-01-01,1221,0,0,0,0,0
2020-02-01,1221,0,0,0,0,0
2020-01-01,1223,0,0,0,0,0
2020-01-01,1225,0,0,0,0,0
2020-02-01,1225,0,0,0,0,0
2020-01-01,1229,0,0,0,0,0
2020-01-01,1230,0,0,0,0,0
2020-02-01,1230,0,0,0,0,0
2020-01-01,1232,0,0,0,0,0
2020-02-01,1232,0,0,0,0,0
2020-01-01,1233,0,0,0,0,0
2020-01-01,1234,0,0,0,0,0
2020-02-01,1234,0,0,0,0,0
2020-01-01,1236,0,0,0,0,0
2020-02-01,1236,0,0,0,0,0
2020-01-01,1238,0,0,0,0,0
2020-02-01,1238,0,0,0,0,0
2020-01-01,1240,0,0,0,0,0
2020-02-01,1240,0,0,0,0,0
2020-01-01,1243,0,0,0,0,0
2020-02-01,1243,0,0,0,0,0
2020-01-01,1245,0,0,0,0,0
2020-02-01,1245,0,0,0,0,0
2020-01-01,1247,0,0,0,0,0
2020-02-01,1247,0,0,0,0,0
2020-02-01,1248,0,0,0,0,0
2020-01-01,1249,0,0,0,0,0
2020-02-01,1249,0,0,0,0,0
2020-01-01,1250,0,0,0,0,0
2020-02-01,1250,0,0,0,0,0
2020-01-01,1251,0,0,0,0,0
2020-02-01,1251,0,0,0,0,0
2020-01-01,1252,0,0,0,0,0
2020-02-01,1252,0,0,0,0,0
2020-01-01,1253,0,0,0,0,0
2020-02-01,1253,0,0,0,0,0
2020-01-01,1254,0,0,0,0,0
2020-02-01,1254,0,0,0,0,0
2020-01-01,1255,0,0,0,0,0
2020-02-01,1255,0,0,0,0,0
2020-01-01,1256,0,0,0,0,0
2020-02-01,1256,0,0,0,0,0
2020-01-01,1257,0,0,0,0,0
2020-02-01,1257,0,0,0,0,0
2020-01-01,1258,0,0,0,0,0
2020-02-01,1258,0,0,0,0,0
2020-01-01,1259,0,0,0,0,0
2020-02-01,1259,0,0,0,0,0
2020-01-01,1260,0,0,0,0,0
2020-02-01,1260,0,0,0,0,0
2020-01-01,1261,0,0,0,0,0
2020-02-01,1261,0,0,0,0,0
2020-01-01,1262,0,0,0,0,0
2020-02-01,1262,0,0,0,0,0
2020-01-01,1263,0,0,0,0,0
2020-02-01,1263,0,0,0,0,0
2020-01-01,1264,0,0,0,0,0
2020-02-01,1264,0,0,0,0,0
2020-01-01,1265,0,0,0,0,0
2020-02-01,1265,0,0,0,0,0
2020-01-01,1266,0,0,0,0,0
2020-02-01,1266,0,0,0,0,0
2020-01-01,1267,0,0,0,0,0
2020-02-01,1267,0,0,0,0,0
2020-01-01,1268,0,0,0,0,0
2020-02-01,1268,0,0,0,0,0
2020-01-01,1269,0,0,0,0,0
2020-02-01,1269,0,0,0,0,0
2020-01-01,1270,0,0,0,0,0
2020-02-01,1270,0,0,0,0,0
2020-01-01,1271,0,0,0,0,0
2020-02-01,1271,0,0,0,0,0
2020-01-01,1272,0,0,0,0,0
2020-02-01,1272,0,0,0,0,0
2020-01-01,1273,0,0,0,0,0
2020-02-01,1273,0,0,0,0,0
2020-01-01,1274,0,0,0,0,0
2020-02-01,1274,0,0,0,0,0
2020-01-01,1275,0,0,0,0,0
2020-02-01,1275,0,0,0,0,0
2020-01-01,1276,0,0,0,0,0
2020-02-01,1276,0,0,0,0,0
2020-01-01,1277,0,0,0,0,0
2020-02-01,1277,0,0,0,0,0
2020-01-01,1278,0,0,0,0,0
2020-02-01,1278,0,0,0,0,0
2020-01-01,1279,0,0,0,0,0
2020-01-01,1280,0,0,0,0,0
2020-02-01,1280,0,0,0,0,0
2020-01-01,1281,0,0,0,0,0
2020-02-01,1281,0,0,0,0,0
2020-01-01,1282,0,0,0,0,0
2020-02-01,1282,0,0,0,0,0
2020-01-01,1283,0,0,0,0,0
2020-02-01,1283,0,0,0,0,0
2020-01-01,1284,0,0,0,0,0
2020-02-01,1284,0,0,0,0,0
2020-01-01,1285,0,0,0,0,0
2020-02-01,1285,0,0,0,0,0
2020-01-01,1286,0,0,0,0,0
2020-02-01,1286,0,0,0,0,0
2020-01-01,1287,0,0,0,0,0
2020-02-01,1287,0,0,0,0,0
2020-01-01,1288,0,0,0,0,0
2020-02-01,1288,0,0,0,0,0
2020-01-01,1289,0,0,0,0,0
2020-02-01,1289,0,0,0,0,0
2020-01-01,1290,0,0,0,0,0
2020-02-01,1290,0,0,0,0,0
2020-01-01,1291,0,0,0,0,0
2020-02-01,1291,0,0,0,0,0
2020-01-01,1292,0,0,0,0,0
2020-02-01,1292,0,0,0,0,0
2020-01-01,1293,0,0,0,0,0
2020-02-01,1293,0,0,0,0,0
2020-01-01,1294,0,0,0,0,0
2020-02-01,1294,0,0,0,0,0
2020-01-01,1295,0,0,0,0,0
2020-02-01,1295,0,0,0,0,0
2020-01-01,1296,0,0,0,0,0
2020-02-01,1296,0,0,0,0,0
2020-01-01,1297,0,0,0,0,0
2020-02-01,1297,0,0,0,0,0
2020-01-01,1298,0,0,0,0,0
2020-02-01,1298,0,0,0,0,0
2020-01-01,1299,0,0,0,0,0
2020-01-01,1300,0,0,0,0,0
2020-02-01,1300,0,0,0,0,0
2020-01-01,1301,0,0,0,0,0
2020-02-01,1301,0,0,0,0,0
2020-01-01,1302,0,0,0,0,0
2020-02-01,1302,0,0,0,0,0
2020-01-01,1303,0,0,0,0,0
2020-02-01,1303,0,0,0,0,0
2020-01-01,1304,0,0,0,0,0
2020-02-01,1304,0,0,0,0,0
2020-01-01,1305,0,0,0,0,0
2020-02-01,1305,0,0,0,0,0
2020-01-01,1306,0,0,0,0,0
2020-01-01,1307,0,0,0,0,0
2020-02-01,1307,0,0,0,0,0
2020-01-01,1308,0,0,0,0,0
2020-02-01,1308,0,0,0,0,0
2020-01-01,1309,0,0,0,0,0
2020-02-01,1309,0,0,0,0,0
2020-01-01,1310,0,0,0,0,0
2020-02-01,1310,0,0,0,0,0
2020-01-01,1311,0,0,0,0,0
2020-02-01,1311,0,0,0,0,0
2020-01-01,1312,0,0,0,0,0
2020-02-01,1312,0,0,0,0,0
2020-01-01,1313,0,0,0,0,0
2020-02-01,1313,0,0,0,0,0
2020-01-01,1314,0,0,0,0,0
2020-02-01,1314,0,0,0,0,0
2020-01-01,1315,0,0,0,0,0
2020-02-01,1315,0,0,0,0,0
2020-01-01,1316,0,0,0,0,0
2020-02-01,1316,0,0,0,0,0
2020-01-01,1317,0,0,0,0,0
2020-02-01,1317,0,0,0,0,0
2020-01-01,1318,0,0,0,0,0
2020-02-01,1318,0,0,0,0,0
2020-01-01,1320,0,0,0,0,0
2020-02-01,1320,0,0,0,0,0
2020-01-01,1321,0,0,0,0,0
2020-02-01,1321,0,0,0,0,0
2020-01-01,1322,0,0,0,0,0
2020-02-01,1322,0,0,0,0,0
2020-01-01,1323,0,0,0,0,0
2020-02-01,1323,0,0,0,0,0
2020-01-01,1324,0,0,0,0,0
2020-02-01,1324,0,0,0,0,0
2020-01-01,1325,0,0,0,0,0
2020-02-01,1325,0,0,0,0,0
2020-01-01,1326,0,0,0,0,0
2020-02-01,1326,0,0,0,0,0
2020-01-01,1327,0,0,0,0,0
2020-02-01,1327,0,0,0,0,0
2020-01-01,1328,0,0,0,0,0
2020-02-01,1328,0,0,0,0,0
2020-01-01,1329,0,0,0,0,0
2020-02-01,1329,0,0,0,0,0
2020-01-01,1330,0,0,0,0,0
2020-02-01,1330,0,0,0,0,0
2020-01-01,1331,0,0,0,0,0
2020-01-01,1332,0,0,0,0,0
2020-02-01,1332,0,0,0,0,0
2020-01-01,1333,0,0,0,0,0
2020-02-01,1333,0,0,0,0,0
2020-01-01,1334,0,0,0,0,0
2020-02-01,1334,0,0,0,0,0
2020-01-01,1335,0,0,0,0,0
2020-02-01,1335,0,0,0,0,0
2020-01-01,1336,0,0,0,0,0
2020-02-01,1336,0,0,0,0,0
2020-01-01,1338,0,0,0,0,0
2020-02-01,1338,0,0,0,0,0
2020-01-01,1339,0,0,0,0,0
2020-02-01,1339,0,0,0,0,0
2020-01-01,1340,0,0,0,0,0
2020-02-01,1340,0,0,0,0,0
2020-01-01,1341,0,0,0,0,0
2020-02-01,1341,0,0,0,0,0
2020-01-01,1342,0,0,0,0,0
2020-02-01,1342,0,0,0,0,0
2020-01-01,1343,0,0,0,0,0
2020-02-01,1343,0,0,0,0,0
2020-01-01,1344,0,0,0,0,0
2020-02-01,1344,0,0,0,0,0
2020-01-01,1345,0,0,0,0,0
2020-02-01,1345,0,0,0,0,0
2020-01-01,1346,0,0,0,0,0
2020-02-01,1346,0,0,0,0,0
2020-01-01,1347,0,0,0,0,0
2020-02-01,1347,0,0,0,0,0
2020-01-01,1348,0,0,0,0,0
2020-02-01,1348,0,0,0,0,0
2020-01-01,1349,0,0,0,0,0
2020-02-01,1349,0,0,0,0,0
2020-01-01,1350,0,0,0,0,0
2020-02-01,1350,0,0,0,0,0
2020-01-01,1351,0,0,0,0,0
2020-02-01,1351,0,0,0,0,0
2020-01-01,1352,0,0,0,0,0
2020-02-01,1352,0,0,0,0,0
2020-01-01,1353,0,0,0,0,0
2020-02-01,1353,0,0,0,0,0
2020-01-01,1354,0,0,0,0,0
2020-02-01,1354,0,0,0,0,0
2020-01-01,1355,0,0,0,0,0
2020-02-01,1355,0,0,0,0,0
2020-01-01,1356,0,0,0,0,0
2020-02-01,1356,0,0,0,0,0
2020-01-01,1357,0,0,0,0,0
2020-02-01,1357,0,0,0,0,0
2020-01-01,1358,0,0,0,0,0
2020-02-01,1358,0,0,0,0,0
2020-01-01,1359,0,0,0,0,0
2020-02-01,1359,0,0,0,0,0
2020-01-01,1360,0,0,0,0,0
2020-02-01,1360,0,0,0,0,0
2020-01-01,1361,0,0,0,0,0
2020-02-01,1361,0,0,0,0,0
2020-01-01,1362,0,0,0,0,0
2020-02-01,1362,0,0,0,0,0
2020-01-01,1363,0,0,0,0,0
2020-02-01,1363,0,0,0,0,0
2020-01-01,1364,0,0,0,0,0
2020-02-01,1364,0,0,0,0,0
2020-01-01,1365,0,0,0,0,0
2020-02-01,1365,0,0,0,0,0
2020-01-01,1366,0,0,0,0,0
2020-02-01,1366,0,0,0,0,0
2020-01-01,1367,0,0,0,0,0
2020-02-01,1367,0,0,0,0,0
2020-01-01,1368,0,0,0,0,0
2020-02-01,1368,0,0,0,0,0
2020-01-01,1370,0,0,0,0,0
2020-02-01,1370,0,0,0,0,0
2020-01-01,1371,0,0,0,0,0
2020-02-01,1371,0,0,0,0,0
2020-01-01,1372,0,0,0,0,0
2020-01-01,1373,0,0,0,0,0
2020-02-01,1373,0,0,0,0,0
2020-01-01,1374,0,0,0,0,0
2020-02-01,1374,0,0,0,0,0
2020-01-01,1375,0,0,0,0,0
2020-02-01,1375,0,0,0,0,0
2020-01-01,1376,0,0,0,0,0
2020-02-01,1376,0,0,0,0,0
2020-01-01,1377,0,0,0,0,0
2020-02-01,1377,0,0,0,0,0
2020-01-01,1379,0,0,0,0,0
2020-02-01,1379,0,0,0,0,0
2020-01-01,1380,0,0,0,0,0
2020-02-01,1380,0,0,0,0,0
2020-01-01,1382,0,0,0,0,0
2020-02-01,1382,0,0,0,0,0
2020-01-01,1383,0,0,0,0,0
2020-02-01,1383,0,0,0,0,0
2020-01-01,1385,0,0,0,0,0
2020-02-01,1385,0,0,0,0,0
2020-01-01,1386,0,0,0,0,0
2020-02-01,1386,0,0,0,0,0
2020-01-01,1387,0,0,0,0,0
2020-02-01,1387,0,0,0,0,0
2020-01-01,1388,0,0,0,0,0
2020-02-01,1388,0,0,0,0,0
2020-01-01,1389,0,0,0,0,0
2020-02-01,1389,0,0,0,0,0
2020-01-01,1391,0,0,0,0,0
2020-02-01,1391,0,0,0,0,0
2020-01-01,1392,0,0,0,0,0
2020-02-01,1392,0,0,0,0,0
2020-01-01,1394,0,0,0,0,0
2020-02-01,1394,0,0,0,0,0
2020-01-01,1395,0,0,0,0,0
2020-02-01,1395,0,0,0,0,0
2020-01-01,1396,0,0,0,0,0
2020-02-01,1396,0,0,0,0,0
2020-01-01,1397,0,0,0,0,0
2020-02-01,1397,0,0,0,0,0
2020-01-01,1398,0,0,0,0,0
2020-02-01,1398,0,0,0,0,0
2020-01-01,1400,0,0,0,0,0
2020-02-01,1400,0,0,0,0,0
2020-01-01,1401,0,0,0,0,0
2020-02-01,1401,0,0,0,0,0
2020-01-01,1403,0,0,0,0,0
2020-02-01,1403,0,0,0,0,0
2020-01-01,1404,0,0,0,0,0
2020-02-01,1404,0,0,0,0,0
2020-01-01,1405,0,0,0,0,0
2020-02-01,1405,0,0,0,0,0
2020-01-01,1406,0,0,0,0,0
2020-02-01,1406,0,0,0,0,0
2020-02-01,1409,0,0,0,0,0
2020-01-01,1411,0,0,0,0,0
2020-02-01,1411,0,0,0,0,0
2020-02-01,1422,0,0,0,0,0
2020-01-01,1423,0,0,0,0,0
2020-01-01,1424,0,0,0,0,0
2020-01-01,1425,0,0,0,0,0
2020-02-01,1425,0,0,0,0,0
2020-01-01,1433,0,0,0,0,0
2020-02-01,1433,0,0,0,0,0
2020-01-01,1439,0,0,0,0,0
2020-01-01,1441,0,0,0,0,0
2020-02-01,1441,0,0,0,0,0
2020-01-01,1445,0,0,0,0,0
2020-02-01,1445,0,0,0,0,0
2020-02-01,1449,0,0,0,0,0
2020-01-01,1452,0,0,0,0,0
2020-02-01,1452,0,0,0,0,0
2020-02-01,1455,0,0,0,0,0
2020-01-01,1458,0,0,0,0,0
2020-02-01,1458,0,0,0,0,0
2020-01-01,1459,0,0,0,0,0
2020-01-01,1460,0,0,0,0,0
2020-02-01,1460,0,0,0,0,0
2020-01-01,1461,0,0,0,0,0
2020-02-01,1461,0,0,0,0,0
2020-01-01,1462,0,0,0,0,0
2020-02-01,1462,0,0,0,0,0
2020-02-01,1463,0,0,0,0,0
2020-01-01,1465,0,0,0,0,0
2020-01-01,1467,0,0,0,0,0
2020-02-01,1467,0,0,0,0,0
2020-02-01,1468,0,0,0,0,0
2020-01-01,1469,0,0,0,0,0
2020-02-01,1469,0,0,0,0,0
2020-02-01,1470,0,0,0,0,0
2020-01-01,1471,0,0,0,0,0
2020-01-01,1472,0,0,0,0,0
2020-02-01,1472,0,0,0,0,0
2020-01-01,1476,0,0,0,0,0
2020-02-01,1476,0,0,0,0,0
2020-01-01,1477,0,0,0,0,0
2020-02-01,1477,0,0,0,0,0
2020-01-01,1478,0,0,0,0,0
2020-02-01,1478,0,0,0,0,0
2020-01-01,1479,0,0,0,0,0
2020-02-01,1480,0,0,0,0,0
2020-01-01,1481,0,0,0,0,0
2020-02-01,1481,0,0,0,0,0
2020-01-01,1483,0,0,0,0,0
2020-02-01,1483,0,0,0,0,0
2020-01-01,1485,0,0,0,0,0
2020-02-01,1485,0,0,0,0,0
2020-01-01,1486,0,0,0,0,0
2020-02-01,1486,0,0,0,0,0
2020-01-01,1488,0,0,0,0,0
2020-02-01,1488,0,0,0,0,0
2020-01-01,1489,0,0,0,0,0
2020-02-01,1489,0,0,0,0,0
2020-02-01,1490,0,0,0,0,0
2020-02-01,1492,0,0,0,0,0
2020-01-01,1493,0,0,0,0,0
2020-02-01,1493,0,0,0,0,0
2020-01-01,1495,0,0,0,0,0
2020-02-01,1495,0,0,0,0,0
2020-01-01,1498,0,0,0,0,0
2020-02-01,1498,0,0,0,0,0
2020-01-01,1499,0,0,0,0,0
2020-02-01,1499,0,0,0,0,0
2020-01-01,1500,0,0,0,0,0
2020-02-01,1500,0,0,0,0,0
2020-01-01,1501,0,0,0,0,0
2020-02-01,1501,0,0,0,0,0
2020-01-01,1502,0,0,0,0,0
2020-02-01,1502,0,0,0,0,0
2020-01-01,1503,0,0,0,0,0
2020-02-01,1503,0,0,0,0,0
2020-01-01,1504,0,0,0,0,0
2020-02-01,1504,0,0,0,0,0
2020-01-01,1505,0,0,0,0,0
2020-02-01,1505,0,0,0,0,0
2020-01-01,1506,0,0,0,0,0
2020-02-01,1506,0,0,0,0,0
2020-01-01,1507,0,0,0,0,0
2020-02-01,1507,0,0,0,0,0
2020-01-01,1508,0,0,0,0,0
2020-02-01,1508,0,0,0,0,0
2020-01-01,1509,0,0,0,0,0
2020-02-01,1509,0,0,0,0,0
2020-01-01,1510,0,0,0,0,0
2020-02-01,1510,0,0,0,0,0
2020-01-01,1512,0,0,0,0,0
2020-02-01,1512,0,0,0,0,0
2020-01-01,1513,0,0,0,0,0
2020-02-01,1513,0,0,0,0,0
2020-01-01,1514,0,0,0,0,0
2020-02-01,1514,0,0,0,0,0
2020-01-01,1564,0,0,0,0,0
2020-01-01,1567,0,0,0,0,0
2020-01-01,1569,0,0,0,0,0
2020-01-01,1575,0,0,0,0,0
2020-01-01,1577,0,0,0,0,0
2020-01-01,1585,0,0,0,0,0
2020-02-01,1585,0,0,0,0,0
2020-01-01,1586,0,0,0,0,0
2020-02-01,1586,0,0,0,0,0
2020-01-01,1587,0,0,0,0,0
2020-02-01,1587,0,0,0,0,0
2020-01-01,1588,0,0,0,0,0
2020-02-01,1588,0,0,0,0,0
2020-01-01,1589,0,0,0,0,0
2020-01-01,1590,0,0,0,0,0
2020-02-01,1590,0,0,0,0,0
2020-01-01,1591,0,0,0,0,0
2020-02-01,1591,0,0,0,0,0
2020-01-01,1592,0,0,0,0,0
2020-02-01,1592,0,0,0,0,0
2020-01-01,1593,0,0,0,0,0
2020-02-01,1593,0,0,0,0,0
2020-01-01,1594,0,0,0,0,0
2020-02-01,1594,0,0,0,0,0
2020-01-01,1595,0,0,0,0,0
2020-02-01,1595,0,0,0,0,0
2020-01-01,1596,0,0,0,0,0
2020-02-01,1596,0,0,0,0,0
2020-01-01,1597,0,0,0,0,0
2020-02-01,1597,0,0,0,0,0
2020-01-01,1598,0,0,0,0,0
2020-02-01,1598,0,0,0,0,0
2020-01-01,1599,0,0,0,0,0
2020-02-01,1599,0,0,0,0,0
2020-01-01,1600,0,0,0,0,0
2020-02-01,1600,0,0,0,0,0
2020-01-01,1601,0,0,0,0,0
2020-02-01,1601,0,0,0,0,0
2020-01-01,1602,0,0,0,0,0
2020-02-01,1602,0,0,0,0,0
2020-01-01,1603,0,0,0,0,0
2020-02-01,1603,0,0,0,0,0
2020-01-01,1604,0,0,0,0,0
2020-02-01,1604,0,0,0,0,0
2020-01-01,1605,0,0,0,0,0
2020-02-01,1605,0,0,0,0,0
2020-01-01,1606,0,0,0,0,0
2020-02-01,1606,0,0,0,0,0
2020-01-01,1607,0,0,0,0,0
2020-02-01,1607,0,0,0,0,0
2020-01-01,1608,0,0,0,0,0
2020-02-01,1608,0,0,0,0,0
2020-01-01,1609,0,0,0,0,0
2020-02-01,1609,0,0,0,0,0
2020-01-01,1611,0,0,0,0,0
2020-02-01,1611,0,0,0,0,0
2020-01-01,1612,0,0,0,0,0
2020-02-01,1612,0,0,0,0,0
2020-01-01,1613,0,0,0,0,0
2020-02-01,1613,0,0,0,0,0
2020-01-01,1614,0,0,0,0,0
2020-02-01,1614,0,0,0,0,0
2020-01-01,1615,0,0,0,0,0
2020-02-01,1615,0,0,0,0,0
2020-01-01,1616,0,0,0,0,0
2020-02-01,1616,0,0,0,0,0
2020-01-01,1617,0,0,0,0,0
2020-02-01,1617,0,0,0,0,0
2020-01-01,1618,0,0,0,0,0
2020-02-01,1618,0,0,0,0,0
2020-01-01,1619,0,0,0,0,0
2020-02-01,1619,0,0,0,0,0
2020-01-01,1621,0,0,0,0,0
2020-02-01,1621,0,0,0,0,0
2020-01-01,1622,0,0,0,0,0
2020-02-01,1622,0,0,0,0,0
2020-01-01,1623,0,0,0,0,0
2020-02-01,1623,0,0,0,0,0
2020-01-01,1624,0,0,0,0,0
2020-02-01,1624,0,0,0,0,0
2020-01-01,1625,0,0,0,0,0
2020-02-01,1625,0,0,0,0,0
2020-01-01,1626,0,0,0,0,0
2020-02-01,1626,0,0,0,0,0
2020-01-01,1627,0,0,0,0,0
2020-02-01,1627,0,0,0,0,0
2020-01-01,1628,0,0,0,0,0
2020-01-01,1629,0,0,0,0,0
2020-02-01,1629,0,0,0,0,0
2020-01-01,1630,0,0,0,0,0
2020-02-01,1630,0,0,0,0,0
2020-01-01,1631,0,0,0,0,0
2020-02-01,1631,0,0,0,0,0
2020-01-01,1632,0,0,0,0,0
2020-02-01,1632,0,0,0,0,0
2020-01-01,1633,0,0,0,0,0
2020-02-01,1633,0,0,0,0,0
2020-01-01,1634,0,0,0,0,0
2020-02-01,1634,0,0,0,0,0
2020-01-01,1635,0,0,0,0,0
2020-02-01,1635,0,0,0,0,0
2020-01-01,1636,0,0,0,0,0
2020-02-01,1636,0,0,0,0,0
2020-01-01,1637,0,0,0,0,0
2020-01-01,1638,0,0,0,0,0
2020-02-01,1638,0,0,0,0,0
2020-01-01,1639,0,0,0,0,0
2020-02-01,1639,0,0,0,0,0
2020-01-01,1640,0,0,0,0,0
2020-02-01,1640,0,0,0,0,0
2020-01-01,1641,0,0,0,0,0
2020-02-01,1641,0,0,0,0,0
2020-01-01,1642,0,0,0,0,0
2020-02-01,1642,0,0,0,0,0
2020-01-01,1643,0,0,0,0,0
2020-02-01,1643,0,0,0,0,0
2020-01-01,1644,0,0,0,0,0
2020-02-01,1644,0,0,0,0,0
2020-02-01,1645,0,0,0,0,0
2020-01-01,1646,0,0,0,0,0
2020-02-01,1646,0,0,0,0,0
2020-02-01,1647,0,0,0,0,0
2020-01-01,1648,0,0,0,0,0
2020-02-01,1648,0,0,0,0,0
2020-01-01,1649,0,0,0,0,0
2020-02-01,1649,0,0,0,0,0
2020-01-01,1650,0,0,0,0,0
2020-02-01,1650,0,0,0,0,0
2020-01-01,1651,0,0,0,0,0
2020-02-01,1651,0,0,0,0,0
2020-01-01,1652,0,0,0,0,0
2020-02-01,1652,0,0,0,0,0
2020-01-01,1653,0,0,0,0,0
2020-02-01,1653,0,0,0,0,0
2020-01-01,1654,0,0,0,0,0
2020-02-01,1654,0,0,0,0,0
2020-01-01,1655,0,0,0,0,0
2020-02-01,1655,0,0,0,0,0
2020-01-01,1656,0,0,0,0,0
2020-02-01,1656,0,0,0,0,0
2020-01-01,1657,0,0,0,0,0
2020-02-01,1657,0,0,0,0,0
2020-01-01,1659,0,0,0,0,0
2020-02-01,1659,0,0,0,0,0
2020-01-01,1660,0,0,0,0,0
2020-02-01,1660,0,0,0,0,0
2020-01-01,1661,0,0,0,0,0
2020-02-01,1661,0,0,0,0,0
2020-01-01,1662,0,0,0,0,0
2020-02-01,1662,0,0,0,0,0
2020-01-01,1663,0,0,0,0,0
2020-02-01,1663,0,0,0,0,0
2020-01-01,1664,0,0,0,0,0
2020-02-01,1664,0,0,0,0,0
2020-01-01,1665,0,0,0,0,0
2020-02-01,1665,0,0,0,0,0
2020-01-01,1666,0,0,0,0,0
2020-02-01,1666,0,0,0,0,0
2020-01-01,1667,0,0,0,0,0
2020-02-01,1667,0,0,0,0,0
2020-01-01,1669,0,0,0,0,0
2020-02-01,1669,0,0,0,0,0
2020-01-01,1670,0,0,0,0,0
2020-02-01,1670,0,0,0,0,0
2020-01-01,1671,0,0,0,0,0
2020-02-01,1671,0,0,0,0,0
2020-01-01,1672,0,0,0,0,0
2020-02-01,1672,0,0,0,0,0
2020-01-01,1673,0,0,0,0,0
2020-02-01,1673,0,0,0,0,0
2020-01-01,1674,0,0,0,0,0
2020-02-01,1674,0,0,0,0,0
2020-01-01,1675,0,0,0,0,0
2020-02-01,1675,0,0,0,0,0
2020-01-01,1676,0,0,0,0,0
2020-01-01,1677,0,0,0,0,0
2020-02-01,1677,0,0,0,0,0
2020-01-01,1678,0,0,0,0,0
2020-02-01,1678,0,0,0,0,0
2020-01-01,1679,0,0,0,0,0
2020-02-01,1679,0,0,0,0,0
2020-01-01,1680,0,0,0,0,0
2020-02-01,1680,0,0,0,0,0
2020-01-01,1681,0,0,0,0,0
2020-02-01,1681,0,0,0,0,0
2020-01-01,1682,0,0,0,0,0
2020-02-01,1682,0,0,0,0,0
2020-01-01,1683,0,0,0,0,0
2020-02-01,1683,0,0,0,0,0
2020-01-01,1684,0,0,0,0,0
2020-02-01,1684,0,0,0,0,0
2020-01-01,1685,0,0,0,0,0
2020-02-01,1685,0,0,0,0,0
2020-01-01,1686,0,0,0,0,0
2020-02-01,1686,0,0,0,0,0
2020-01-01,1687,0,0,0,0,0
2020-02-01,1687,0,0,0,0,0
2020-01-01,1688,0,0,0,0,0
2020-02-01,1688,0,0,0,0,0
2020-01-01,1689,0,0,0,0,0
2020-02-01,1689,0,0,0,0,0
2020-01-01,1690,0,0,0,0,0
2020-02-01,1690,0,0,0,0,0
2020-01-01,1691,0,0,0,0,0
2020-02-01,1691,0,0,0,0,0
2020-01-01,1692,0,0,0,0,0
2020-02-01,1692,0,0,0,0,0
2020-01-01,1693,0,0,0,0,0
2020-02-01,1693,0,0,0,0,0
2020-01-01,1694,0,0,0,0,0
2020-02-01,1694,0,0,0,0,0
2020-01-01,1695,0,0,0,0,0
2020-02-01,1695,0,0,0,0,0
2020-01-01,1696,0,0,0,0,0
2020-02-01,1696,0,0,0,0,0
2020-01-01,1697,0,0,0,0,0
2020-02-01,1697,0,0,0,0,0
2020-01-01,1698,0,0,0,0,0
2020-02-01,1698,0,0,0,0,0
2020-01-01,1699,0,0,0,0,0
2020-02-01,1699,0,0,0,0,0
2020-01-01,1700,0,0,0,0,0
2020-02-01,1700,0,0,0,0,0
2020-01-01,1701,0,0,0,0,0
2020-02-01,1701,0,0,0,0,0
2020-01-01,1702,0,0,0,0,0
2020-02-01,1702,0,0,0,0,0
2020-01-01,1703,0,0,0,0,0
2020-02-01,1703,0,0,0,0,0
2020-01-01,1704,0,0,0,0,0
2020-02-01,1704,0,0,0,0,0
2020-01-01,1705,0,0,0,0,0
2020-02-01,1705,0,0,0,0,0
2020-01-01,1706,0,0,0,0,0
2020-02-01,1706,0,0,0,0,0
2020-01-01,1707,0,0,0,0,0
2020-02-01,1707,0,0,0,0,0
2020-01-01,1708,0,0,0,0,0
2020-02-01,1708,0,0,0,0,0
2020-01-01,1709,0,0,0,0,0
2020-02-01,1709,0,0,0,0,0
2020-01-01,1710,0,0,0,0,0
2020-02-01,1710,0,0,0,0,0
2020-01-01,1711,0,0,0,0,0
2020-02-01,1711,0,0,0,0,0
2020-01-01,1712,0,0,0,0,0
2020-02-01,1712,0,0,0,0,0
2020-01-01,1713,0,0,0,0,0
2020-02-01,1713,0,0,0,0,0
2020-01-01,1714,0,0,0,0,0
2020-02-01,1714,0,0,0,0,0
2020-01-01,1715,0,0,0,0,0
2020-02-01,1715,0,0,0,0,0
2020-01-01,1716,0,0,0,0,0
2020-02-01,1716,0,0,0,0,0
2020-01-01,1718,0,0,0,0,0
2020-02-01,1718,0,0,0,0,0
2020-01-01,1719,0,0,0,0,0
2020-02-01,1719,0,0,0,0,0
2020-01-01,1720,0,0,0,0,0
2020-02-01,1720,0,0,0,0,0
2020-01-01,1721,0,0,0,0,0
2020-02-01,1721,0,0,0,0,0
2020-01-01,1722,0,0,0,0,0
2020-02-01,1722,0,0,0,0,0
2020-01-01,1723,0,0,0,0,0
2020-02-01,1723,0,0,0,0,0
2020-01-01,1724,0,0,0,0,0
2020-02-01,1724,0,0,0,0,0
2020-01-01,1725,0,0,0,0,0
2020-02-01,1725,0,0,0,0,0
2020-01-01,1726,0,0,0,0,0
2020-02-01,1726,0,0,0,0,0
2020-01-01,1727,0,0,0,0,0
2020-02-01,1727,0,0,0,0,0
2020-01-01,1728,0,0,0,0,0
2020-02-01,1728,0,0,0,0,0
2020-01-01,1729,0,0,0,0,0
2020-02-01,1729,0,0,0,0,0
2020-01-01,1730,0,0,0,0,0
2020-02-01,1730,0,0,0,0,0
2020-01-01,1731,0,0,0,0,0
2020-02-01,1731,0,0,0,0,0
2020-01-01,1732,0,0,0,0,0
2020-02-01,1732,0,0,0,0,0
2020-01-01,1733,0,0,0,0,0
2020-02-01,1733,0,0,0,0,0
2020-01-01,1734,0,0,0,0,0
2020-02-01,1734,0,0,0,0,0
2020-01-01,1735,0,0,0,0,0
2020-02-01,1735,0,0,0,0,0
2020-01-01,1736,0,0,0,0,0
2020-02-01,1736,0,0,0,0,0
2020-01-01,1737,0,0,0,0,0
2020-02-01,1737,0,0,0,0,0
2020-02-01,1738,0,0,0,0,0
2020-01-01,1739,0,0,0,0,0
2020-02-01,1739,0,0,0,0,0
2020-01-01,1740,0,0,0,0,0
2020-01-01,1741,0,0,0,0,0
2020-02-01,1741,0,0,0,0,0
2020-01-01,1743,0,0,0,0,0
2020-02-01,1743,0,0,0,0,0
2020-01-01,1744,0,0,0,0,0
2020-02-01,1744,0,0,0,0,0
2020-01-01,1746,0,0,0,0,0
2020-02-01,1746,0,0,0,0,0
2020-02-01,1747,0,0,0,0,0
2020-01-01,1749,0,0,0,0,0
2020-02-01,1749,0,0,0,0,0
2020-01-01,1750,0,0,0,0,0
2020-02-01,1750,0,0,0,0,0
2020-01-01,1751,0,0,0,0,0
2020-02-01,1751,0,0,0,0,0
2020-01-01,1753,0,0,0,0,0
2020-02-01,1753,0,0,0,0,0
2020-01-01,1754,0,0,0,0,0
2020-01-01,1755,0,0,0,0,0
2020-02-01,1755,0,0,0,0,0
2020-01-01,1757,0,0,0,0,0
2020-02-01,1757,0,0,0,0,0
2020-02-01,1758,0,0,0,0,0
2020-02-01,1759,0,0,0,0,0
2020-01-01,1763,0,0,0,0,0
2020-02-01,1763,0,0,0,0,0
2020-01-01,1764,0,0,0,0,0
2020-02-01,1764,0,0,0,0,0
2020-01-01,1765,0,0,0,0,0
2020-02-01,1765,0,0,0,0,0
2020-01-01,1767,0,0,0,0,0
2020-02-01,1767,0,0,0,0,0
2020-01-01,1768,0,0,0,0,0
2020-02-01,1768,0,0,0,0,0
2020-01-01,1769,0,0,0,0,0
2020-02-01,1769,0,0,0,0,0
2020-01-01,1770,0,0,0,0,0
2020-02-01,1772,0,0,0,0,0
2020-01-01,1773,0,0,0,0,0
2020-01-01,1774,0,0,0,0,0
2020-01-01,1775,0,0,0,0,0
2020-02-01,1775,0,0,0,0,0
2020-01-01,1776,0,0,0,0,0
2020-02-01,1776,0,0,0,0,0
2020-01-01,1777,0,0,0,0,0
2020-02-01,1777,0,0,0,0,0
2020-02-01,1778,0,0,0,0,0
2020-02-01,1779,0,0,0,0,0
2020-01-01,1780,0,0,0,0,0
2020-02-01,1780,0,0,0,0,0
2020-01-01,1781,0,0,0,0,0
2020-02-01,1781,0,0,0,0,0
2020-02-01,1782,0,0,0,0,0
2020-01-01,1783,0,0,0,0,0
2020-02-01,1783,0,0,0,0,0
2020-01-01,1787,0,0,0,0,0
2020-02-01,1787,0,0,0,0,0
2020-01-01,1794,0,0,0,0,0
2020-01-01,1799,0,0,0,0,0
2020-01-01,1801,0,0,0,0,0
2020-01-01,1806,0,0,0,0,0
2020-01-01,1807,0,0,0,0,0
2020-02-01,1807,0,0,0,0,0
2020-02-01,1808,0,0,0,0,0
2020-02-01,1810,0,0,0,0,0
2020-02-01,1811,0,0,0,0,0
2020-02-01,1814,0,0,0,0,0
2020-01-01,1815,0,0,0,0,0
2020-02-01,1815,0,0,0,0,0
2020-01-01,1816,0,0,0,0,0
2020-01-01,1818,0,0,0,0,0
2020-02-01,1818,0,0,0,0,0
2020-01-01,1822,0,0,0,0,0
2020-01-01,1825,0,0,0,0,0
2020-02-01,1825,0,0,0,0,0
2020-02-01,1827,0,0,0,0,0
2020-02-01,1829,0,0,0,0,0
2020-02-01,1831,0,0,0,0,0
2020-02-01,1835,0,0,0,0,0
2020-01-01,1836,0,0,0,0,0
2020-02-01,1836,0,0,0,0,0
2020-01-01,1837,0,0,0,0,0
2020-02-01,1837,0,0,0,0,0
2020-01-01,1838,0,0,0,0,0
2020-02-01,1838,0,0,0,0,0
2020-01-01,1840,0,0,0,0,0
2020-02-01,1840,0,0,0,0,0
2020-01-01,1841,0,0,0,0,0
2020-02-01,1841,0,0,0,0,0
2020-01-01,1842,0,0,0,0,0
2020-02-01,1842,0,0,0,0,0
2020-01-01,1843,0,0,0,0,0
2020-02-01,1843,0,0,0,0,0
2020-01-01,1844,0,0,0,0,0
2020-02-01,1844,0,0,0,0,0
2020-01-01,1845,0,0,0,0,0
2020-02-01,1845,0,0,0,0,0
2020-01-01,1846,0,0,0,0,0
2020-02-01,1846,0,0,0,0,0
2020-01-01,1847,0,0,0,0,0
2020-02-01,1847,0,0,0,0,0
2020-01-01,1848,0,0,0,0,0
2020-02-01,1848,0,0,0,0,0
2020-01-01,1849,0,0,0,0,0
2020-02-01,1849,0,0,0,0,0
2020-01-01,1850,0,0,0,0,0
2020-02-01,1850,0,0,0,0,0
2020-01-01,1851,0,0,0,0,0
2020-02-01,1851,0,0,0,0,0
2020-01-01,1852,0,0,0,0,0
2020-02-01,1852,0,0,0,0,0
2020-01-01,1853,0,0,0,0,0
2020-02-01,1853,0,0,0,0,0
2020-01-01,1854,0,0,0,0,0
2020-02-01,1854,0,0,0,0,0
2020-01-01,1855,0,0,0,0,0
2020-02-01,1855,0,0,0,0,0
2020-01-01,1856,0,0,0,0,0
2020-02-01,1856,0,0,0,0,0
2020-01-01,1857,0,0,0,0,0
2020-02-01,1857,0,0,0,0,0
2020-01-01,1858,0,0,0,0,0
2020-02-01,1858,0,0,0,0,0
2020-01-01,1859,0,0,0,0,0
2020-02-01,1859,0,0,0,0,0
2020-01-01,1860,0,0,0,0,0
2020-02-01,1860,0,0,0,0,0
2020-01-01,1861,0,0,0,0,0
2020-02-01,1861,0,0,0,0,0
2020-01-01,1862,0,0,0,0,0
2020-02-01,1862,0,0,0,0,0
2020-01-01,1863,0,0,0,0,0
2020-02-01,1863,0,0,0,0,0
2020-01-01,1864,0,0,0,0,0
2020-02-01,1864,0,0,0,0,0
2020-01-01,1865,0,0,0,0,0
2020-02-01,1865,0,0,0,0,0
2020-01-01,1866,0,0,0,0,0
2020-02-01,1866,0,0,0,0,0
2020-01-01,1867,0,0,0,0,0
2020-02-01,1867,0,0,0,0,0
2020-01-01,1868,0,0,0,0,0
2020-02-01,1868,0,0,0,0,0
2020-01-01,1869,0,0,0,0,0
2020-02-01,1869,0,0,0,0,0
2020-01-01,1870,0,0,0,0,0
2020-02-01,1870,0,0,0,0,0
2020-01-01,1871,0,0,0,0,0
2020-02-01,1871,0,0,0,0,0
2020-01-01,1872,0,0,0,0,0
2020-02-01,1872,0,0,0,0,0
2020-01-01,1873,0,0,0,0,0
2020-02-01,1873,0,0,0,0,0
2020-01-01,1874,0,0,0,0,0
2020-02-01,1874,0,0,0,0,0
2020-01-01,1876,0,0,0,0,0
2020-02-01,1876,0,0,0,0,0
2020-01-01,1877,0,0,0,0,0
2020-02-01,1877,0,0,0,0,0
2020-01-01,1878,0,0,0,0,0
2020-02-01,1878,0,0,0,0,0
2020-01-01,1879,0,0,0,0,0
2020-02-01,1879,0,0,0,0,0
2020-01-01,1880,0,0,0,0,0
2020-02-01,1880,0,0,0,0,0
2020-01-01,1881,0,0,0,0,0
2020-02-01,1881,0,0,0,0,0
2020-01-01,1882,0,0,0,0,0
2020-02-01,1882,0,0,0,0,0
2020-01-01,1883,0,0,0,0,0
2020-02-01,1883,0,0,0,0,0
2020-01-01,1884,0,0,0,0,0
2020-02-01,1884,0,0,0,0,0
2020-01-01,1885,0,0,0,0,0
2020-02-01,1885,0,0,0,0,0
2020-01-01,1886,0,0,0,0,0
2020-02-01,1886,0,0,0,0,0
2020-01-01,1887,0,0,0,0,0
2020-02-01,1887,0,0,0,0,0
2020-01-01,1888,0,0,0,0,0
2020-02-01,1888,0,0,0,0,0
2020-01-01,1889,0,0,0,0,0
2020-02-01,1889,0,0,0,0,0
2020-01-01,1890,0,0,0,0,0
2020-02-01,1890,0,0,0,0,0
2020-01-01,1891,0,0,0,0,0
2020-02-01,1891,0,0,0,0,0
2020-01-01,1892,0,0,0,0,0
2020-02-01,1892,0,0,0,0,0
2020-01-01,1894,0,0,0,0,0
2020-02-01,1894,0,0,0,0,0
2020-01-01,1895,0,0,0,0,0
2020-02-01,1895,0,0,0,0,0
2020-01-01,1897,0,0,0,0,0
2020-02-01,1897,0,0,0,0,0
2020-01-01,1898,0,0,0,0,0
2020-02-01,1898,0,0,0,0,0
2020-01-01,1900,0,0,0,0,0
2020-02-01,1900,0,0,0,0,0
2020-01-01,1901,0,0,0,0,0
2020-02-01,1901,0,0,0,0,0
2020-01-01,1902,0,0,0,0,0
2020-02-01,1902,0,0,0,0,0
2020-01-01,1903,0,0,0,0,0
2020-02-01,1903,0,0,0,0,0
2020-01-01,1904,0,0,0,0,0
2020-02-01,1904,0,0,0,0,0
2020-01-01,1905,0,0,0,0,0
2020-02-01,1905,0,0,0,0,0
2020-01-01,1907,0,0,0,0,0
2020-02-01,1907,0,0,0,0,0
2020-01-01,1908,0,0,0,0,0
2020-02-01,1908,0,0,0,0,0
2020-01-01,1909,0,0,0,0,0
2020-02-01,1909,0,0,0,0,0
2020-01-01,1910,0,0,0,0,0
2020-02-01,1910,0,0,0,0,0
2020-01-01,1911,0,0,0,0,0
2020-02-01,1911,0,0,0,0,0
2020-01-01,1912,0,0,0,0,0
2020-02-01,1912,0,0,0,0,0
2020-01-01,1913,0,0,0,0,0
2020-02-01,1913,0,0,0,0,0
2020-01-01,1914,0,0,0,0,0
2020-02-01,1914,0,0,0,0,0
2020-01-01,1915,0,0,0,0,0
2020-02-01,1915,0,0,0,0,0
2020-01-01,1916,0,0,0,0,0
2020-02-01,1916,0,0,0,0,0
2020-01-01,1917,0,0,0,0,0
2020-02-01,1917,0,0,0,0,0
2020-01-01,1918,0,0,0,0,0
2020-02-01,1918,0,0,0,0,0
2020-01-01,1919,0,0,0,0,0
2020-02-01,1919,0,0,0,0,0
2020-01-01,1920,0,0,0,0,0
2020-02-01,1920,0,0,0,0,0
2020-01-01,1921,0,0,0,0,0
2020-02-01,1921,0,0,0,0,0
2020-01-01,1922,0,0,0,0,0
2020-02-01,1922,0,0,0,0,0
2020-01-01,1923,0,0,0,0,0
2020-02-01,1923,0,0,0,0,0
2020-01-01,1924,0,0,0,0,0
2020-02-01,1924,0,0,0,0,0
2020-01-01,1925,0,0,0,0,0
2020-02-01,1925,0,0,0,0,0
2020-01-01,1926,0,0,0,0,0
2020-02-01,1926,0,0,0,0,0
2020-01-01,1927,0,0,0,0,0
2020-02-01,1927,0,0,0,0,0
2020-01-01,1928,0,0,0,0,0
2020-02-01,1928,0,0,0,0,0
2020-01-01,1929,0,0,0,0,0
2020-02-01,1929,0,0,0,0,0
2020-01-01,1930,0,0,0,0,0
2020-02-01,1930,0,0,0,0,0
2020-01-01,1931,0,0,0,0,0
2020-02-01,1931,0,0,0,0,0
2020-01-01,1933,0,0,0,0,0
2020-02-01,1933,0,0,0,0,0
2020-01-01,1934,0,0,0,0,0
2020-02-01,1934,0,0,0,0,0
2020-01-01,1935,0,0,0,0,0
2020-02-01,1935,0,0,0,0,0
2020-01-01,1936,0,0,0,0,0
2020-02-01,1936,0,0,0,0,0
2020-01-01,1937,0,0,0,0,0
2020-02-01,1937,0,0,0,0,0
2020-01-01,1938,0,0,0,0,0
2020-02-01,1938,0,0,0,0,0
2020-01-01,1939,0,0,0,0,0
2020-02-01,1939,0,0,0,0,0
2020-01-01,1940,0,0,0,0,0
2020-02-01,1940,0,0,0,0,0
2020-01-01,1941,0,0,0,0,0
2020-02-01,1941,0,0,0,0,0
2020-01-01,1942,0,0,0,0,0
2020-02-01,1942,0,0,0,0,0
2020-01-01,1943,0,0,0,0,0
2020-02-01,1943,0,0,0,0,0
2020-01-01,1944,0,0,0,0,0
2020-02-01,1944,0,0,0,0,0
2020-01-01,1945,0,0,0,0,0
2020-02-01,1945,0,0,0,0,0
2020-01-01,1946,0,0,0,0,0
2020-02-01,1946,0,0,0,0,0
2020-01-01,1947,0,0,0,0,0
2020-02-01,1947,0,0,0,0,0
2020-01-01,1948,0,0,0,0,0
2020-02-01,1948,0,0,0,0,0
2020-01-01,1949,0,0,0,0,0
2020-02-01,1949,0,0,0,0,0
