DATE,SKU Combination,Secondary Sales Quantity Invoiced
2020-01-01,0,13.95055555555555
2020-02-01,0,13.95055555555555
2020-01-01,1,27044.636361728408
2020-02-01,1,27044.636361728408
2020-01-01,3,10709.663800925926
2020-02-01,3,10838.249337962963
2020-01-01,5,7044.488325925929
2020-02-01,5,7173.073862962966
2020-01-01,6,4340.950592592594
2020-02-01,6,4340.950592592594
2020-01-01,7,12718.013879629634
2020-02-01,7,12544.711546296301
2020-01-01,8,128.63002160493826
2020-02-01,8,136.54452160493827
2020-01-01,9,14330.433434567907
2020-02-01,9,14157.131101234574
2020-01-01,10,346.06361851851864
2020-02-01,10,353.97811851851867
2020-01-01,11,8327.20558703704
2020-02-01,11,8234.369923456792
2020-01-01,12,444.9308518518519
2020-02-01,12,444.9308518518519
2020-01-01,13,6880.607096560849
2020-02-01,13,6851.360099647268
2020-01-01,14,3273.7475648148143
2020-02-01,14,3183.6276481481473
2020-01-01,15,1217.2143333333331
2020-02-01,15,1217.2143333333331
2020-01-01,16,7841.430976190479
2020-02-01,16,7721.207679894183
2020-01-01,17,920.5694497354499
2020-02-01,17,920.5694497354499
2020-01-01,18,6118.971119400357
2020-02-01,18,6117.986860141097
2020-01-01,19,2117.704074074075
2020-02-01,19,2117.704074074075
2020-01-01,20,5821.1796111111125
2020-02-01,20,5844.291314814815
2020-01-01,21,194.78042129629637
2020-02-01,21,194.78042129629637
2020-01-01,22,6083.95584567901
2020-02-01,22,6113.972104938269
2020-01-01,23,7085.350134259256
2020-02-01,23,7097.745668209874
2020-01-01,25,10115.248095679017
2020-02-01,25,10127.643629629634
2020-02-01,26,22.559648148148156
2020-01-01,27,8942.045395061732
2020-02-01,27,9027.922259259265
2020-01-01,29,17668.52081296296
2020-02-01,29,17786.845285185187
2020-01-01,30,1374.276425925926
2020-02-01,30,1374.276425925926
2020-01-01,31,14330.91470246913
2020-02-01,31,14417.947779629629
2020-01-01,32,45.57814814814815
2020-02-01,32,45.57814814814815
2020-01-01,33,177.9348518518518
2020-02-01,33,177.9348518518518
2020-01-01,34,12504.390242283951
2020-02-01,34,12500.80926388889
2020-02-01,35,110.0810740740741
2020-01-01,36,13126.243222222223
2020-02-01,36,13031.279922839507
2020-01-01,37,2273.6546735449733
2020-02-01,37,2273.6546735449733
2020-01-01,38,13518.035753086418
2020-02-01,38,13412.373006172838
2020-01-01,39,61.10672716049381
2020-02-01,39,61.10672716049381
2020-01-01,40,10746.070872222224
2020-02-01,40,10909.367995679017
2020-01-01,41,57.89956172839503
2020-02-01,41,57.89956172839503
2020-01-01,42,154.09265432098763
2020-01-01,43,999.1159493386241
2020-02-01,43,999.1159493386241
2020-01-01,45,105.5651321428572
2020-02-01,45,105.5651321428572
2020-01-01,48,95.46439598765434
2020-02-01,50,49.18080216049383
2020-01-01,52,133.68744012345684
2020-02-01,52,132.28403888888892
2020-01-01,53,13.36806481481481
2020-01-01,54,12.070058641975304
2020-02-01,54,12.070058641975304
2020-01-01,55,141.367475308642
2020-02-01,55,141.55785493827165
2020-01-01,57,80.64194444444446
2020-02-01,57,79.47729629629632
2020-01-01,58,908.2023888888888
2020-01-01,59,629.9463246913582
2020-02-01,59,629.9463246913582
2020-01-01,60,3270.8491910493817
2020-02-01,60,3539.8090614197517
2020-01-01,62,164.12314506172837
2020-02-01,62,161.24610956790124
2020-02-01,64,20.68750970017637
2020-01-01,66,74.18282671957668
2020-02-01,66,72.07723059964722
2020-01-01,67,417.05018121693115
2020-01-01,69,15.776598544973545
2020-01-01,71,92.4808532627866
2020-01-01,72,49.16404382716048
2020-02-01,72,50.08495520282185
2020-01-01,74,92.32690123456787
2020-02-01,74,92.32690123456787
2020-01-01,75,117.9020776014109
2020-02-01,75,120.02658377425041
2020-01-01,76,89.77347962962966
2020-02-01,76,91.89798580246917
2020-01-01,78,393.8696188271604
2020-02-01,78,393.8696188271604
2020-01-01,80,1051.2883395061729
2020-01-01,81,1157.5255987654318
2020-02-01,81,1157.5255987654318
2020-01-01,83,33.18244894179893
2020-02-01,83,34.0963656084656
2020-01-01,84,74.44937120811286
2020-02-01,84,82.10786856261022
2020-01-01,86,57.494227513227536
2020-02-01,86,56.75241437389773
2020-01-01,87,181.60202848324505
2020-02-01,87,192.09783483245144
2020-02-01,89,61.755189947089974
2020-02-01,91,83.59358201058201
2020-01-01,92,70.42967028218693
2020-02-01,92,72.316582010582
2020-01-01,93,36.726343650793645
2020-02-01,93,36.08514832451498
2020-01-01,96,33.294984744268085
2020-02-01,96,34.21448165784833
2020-01-01,128,12.52099074074074
2020-01-01,142,9.791922839506174
2020-01-01,144,18.488604938271603
2020-02-01,144,17.962802469135802
2020-01-01,146,24.200722222222225
2020-02-01,148,6.575728395061729
2020-02-01,151,11.090611111111112
2020-02-01,152,4.058899470899472
2020-02-01,154,2.712899470899471
2020-01-01,156,11.868898148148153
2020-01-01,157,3.660376190476191
2020-01-01,159,2.613560846560846
2020-01-01,161,4.779787037037038
2020-02-01,163,5.19563888888889
2020-01-01,165,166.54437475434628
2020-02-01,165,166.54437475434628
2020-01-01,167,29.23785185185186
2020-02-01,167,28.935925925925932
2020-01-01,168,31.97732275132275
2020-02-01,168,31.550211640211636
2020-02-01,172,23.748711640211642
2020-01-01,174,26.64761111111111
2020-01-01,175,46.72669444444445
2020-01-01,176,54.78673148148149
2020-02-01,176,54.78673148148149
2020-01-01,178,1.1230814814814816
2020-02-01,178,1.160748148148148
2020-02-01,181,1.2069703703703705
2020-02-01,183,3.167444444444444
2020-02-01,185,6.393203703703704
2020-02-01,186,0.5816666666666667
2020-02-01,187,19.46596913580247
2020-01-01,188,21.29748456790124
2020-02-01,188,21.322484567901242
2020-01-01,190,6.838280070546736
2020-01-01,192,9.389624779541446
2020-02-01,192,8.949380511463845
2020-01-01,193,11.783407407407408
2020-02-01,195,16.38995855379188
2020-02-01,198,5.894224250440918
2020-02-01,200,6.470703968253969
2020-01-01,203,13.142303968253968
2020-02-01,205,4.505503086419753
2020-01-01,207,2.210168650793651
2020-01-01,209,2.021830026455027
2020-02-01,209,1.4693121693121691
2020-01-01,211,6.989190476190476
2020-01-01,212,8.231765432098765
2020-01-01,213,2.939637566137567
2020-02-01,213,1.8499259259259269
2020-01-01,215,2.765026455026456
2020-02-01,216,2.6339074074074076
2020-01-01,217,1.7603597883597883
2020-01-01,219,12.310026234567902
2020-01-01,220,9.658703703703704
2020-01-01,221,1.0866608024691362
2020-02-01,221,0.5757858024691359
2020-02-01,224,0.5678197530864199
2020-01-01,227,0.6086296296296295
2020-02-01,227,0.06219907407407407
2020-02-01,228,10.666083333333335
2020-01-01,229,0.7290277777777778
2020-02-01,229,1.5906018518518519
2020-01-01,230,2113.688253968255
2020-02-01,230,2113.688253968255
2020-01-01,231,19208.048683333327
2020-02-01,231,19208.048683333327
2020-01-01,232,119912.36970370366
2020-02-01,232,119912.36970370366
2020-01-01,234,3700.3286666666663
2020-02-01,234,3752.3342962962956
2020-01-01,235,63092.01296296298
2020-02-01,235,63092.01296296298
2020-01-01,236,2870.186370370369
2020-02-01,236,2903.496370370369
2020-01-01,237,19291.007563580246
2020-02-01,237,19291.007563580246
2020-01-01,238,26390.91535802469
2020-02-01,238,26390.91535802469
2020-01-01,239,587.073037037037
2020-02-01,239,587.073037037037
2020-01-01,240,12564.843098765432
2020-02-01,240,12564.843098765432
2020-01-01,241,2840.4698888888884
2020-02-01,241,2840.4698888888884
2020-01-01,242,28526.94544814814
2020-02-01,242,28526.94544814814
2020-01-01,243,1086.0167037037036
2020-02-01,243,1086.0167037037036
2020-01-01,244,29505.86625925925
2020-02-01,244,29505.86625925925
2020-01-01,246,22753.83747222222
2020-02-01,246,22753.83747222222
2020-01-01,247,18053.881981481485
2020-02-01,247,18053.881981481485
2020-01-01,248,24191.72990000001
2020-02-01,248,24191.72990000001
2020-01-01,249,39861.39857777778
2020-02-01,249,39861.39857777778
2020-01-01,250,52268.74996944445
2020-02-01,250,52268.74996944445
2020-01-01,251,1861.099592592592
2020-02-01,251,1861.099592592592
2020-01-01,252,20621.928075925938
2020-02-01,252,20621.928075925938
2020-01-01,253,19773.843660493832
2020-02-01,253,19773.843660493832
2020-01-01,254,18995.07646111111
2020-02-01,254,18995.07646111111
2020-01-01,255,3710.3511728395088
2020-02-01,255,3710.3511728395088
2020-01-01,256,13235.76966975308
2020-02-01,256,13235.76966975308
2020-01-01,257,11483.914611992946
2020-02-01,257,11483.914611992946
2020-01-01,258,33310.08678395061
2020-02-01,258,33310.08678395061
2020-01-01,259,16928.605546296294
2020-02-01,259,16928.605546296294
2020-01-01,260,3561.3955555555567
2020-02-01,260,3561.3955555555567
2020-01-01,261,8923.864314814817
2020-02-01,261,8923.864314814817
2020-01-01,262,36836.059375
2020-02-01,262,36836.059375
2020-01-01,264,31280.945106481493
2020-02-01,264,31280.945106481493
2020-01-01,265,1770.4890185185182
2020-02-01,265,1770.4890185185182
2020-01-01,266,27517.945432098764
2020-02-01,266,27569.91401234568
2020-01-01,267,62.272444444444396
2020-02-01,267,62.272444444444396
2020-01-01,268,21482.101370370372
2020-02-01,268,21534.069950617286
2020-01-01,270,47919.065579012335
2020-02-01,270,47919.065579012335
2020-01-01,271,44320.21655092594
2020-02-01,271,44320.21655092594
2020-01-01,272,3381.4071333333345
2020-02-01,272,3381.4071333333345
2020-01-01,273,6403.045870370372
2020-02-01,273,6403.045870370372
2020-01-01,274,24482.61413271605
2020-02-01,274,24482.61413271605
2020-01-01,275,1598.924533333333
2020-02-01,275,1598.924533333333
2020-01-01,276,29647.569999999996
2020-02-01,276,29647.569999999996
2020-01-01,277,113260.04594444444
2020-02-01,277,113260.04594444444
2020-01-01,278,2352.033525925926
2020-02-01,278,2352.033525925926
2020-01-01,279,10508.301808641974
2020-02-01,279,10508.301808641974
2020-01-01,280,24512.398759259268
2020-02-01,280,24712.615962962973
2020-01-01,281,10618.227320987651
2020-02-01,281,10618.227320987651
2020-01-01,282,17110.96751587302
2020-02-01,282,17110.96751587302
2020-01-01,283,21790.061348765434
2020-02-01,283,21990.27855246914
2020-01-01,284,3700.1559259259243
2020-02-01,284,3700.1559259259243
2020-01-01,285,10387.595111111112
2020-02-01,285,10387.595111111112
2020-01-01,286,49211.35928240741
2020-02-01,286,49211.35928240741
2020-01-01,287,1471.7935111111108
2020-02-01,287,1471.7935111111108
2020-01-01,288,17827.845925925925
2020-02-01,288,17827.845925925925
2020-01-01,290,1013.9988148148146
2020-02-01,290,1013.9988148148146
2020-01-01,291,7114.823518518519
2020-02-01,291,7114.823518518519
2020-01-01,293,1582.787160493827
2020-02-01,293,1582.787160493827
2020-01-01,294,2804.205472222223
2020-02-01,294,2804.205472222223
2020-01-01,295,293.3202864197531
2020-02-01,295,293.3202864197531
2020-01-01,296,2668.1332901234578
2020-02-01,296,2668.1332901234578
2020-01-01,297,1680.0618703703708
2020-02-01,297,1680.0618703703708
2020-01-01,298,10008.053358024687
2020-02-01,298,10008.053358024687
2020-01-01,299,496.9114197530864
2020-02-01,299,496.9114197530864
2020-01-01,300,4657.8534320987665
2020-02-01,300,4657.8534320987665
2020-01-01,301,1823.2592851851848
2020-02-01,301,1823.2592851851848
2020-01-01,302,2077.1429629629624
2020-02-01,302,2077.1429629629624
2020-01-01,303,1889.4681740740739
2020-02-01,303,1889.4681740740739
2020-01-01,304,9502.513170370372
2020-02-01,304,9502.513170370372
2020-01-01,305,7156.320981481482
2020-02-01,305,7156.320981481482
2020-01-01,306,848.0984907407407
2020-02-01,306,848.0984907407407
2020-01-01,307,1965.1822380952383
2020-02-01,307,1965.1822380952383
2020-01-01,308,4032.4460486772487
2020-02-01,308,4032.4460486772487
2020-01-01,309,4304.024555555556
2020-02-01,309,4304.024555555556
2020-01-01,310,1684.6236885802468
2020-02-01,310,1679.9208459876543
2020-01-01,311,8149.4286891975335
2020-02-01,311,8234.07311512346
2020-01-01,312,1563.2767302469133
2020-02-01,312,1558.5738876543205
2020-01-01,313,15259.358742283946
2020-02-01,313,15259.358742283946
2020-01-01,314,7911.629476851852
2020-02-01,314,7926.436921296296
2020-01-01,315,429.0978222222222
2020-02-01,315,429.0978222222222
2020-01-01,316,3739.2007222222223
2020-02-01,316,3739.2007222222223
2020-01-01,317,8398.471115740742
2020-02-01,317,8411.247726851854
2020-01-01,318,123.72528253968252
2020-01-01,319,9087.10318148148
2020-02-01,319,9616.411144444444
2020-01-01,320,1158.0307592592594
2020-02-01,320,1158.0307592592594
2020-01-01,321,5409.654006172842
2020-02-01,321,5409.654006172842
2020-01-01,322,58.51681481481483
2020-02-01,322,58.51681481481483
2020-01-01,323,4160.109853395061
2020-02-01,323,4160.109853395061
2020-01-01,325,5942.720555555557
2020-02-01,325,5942.720555555557
2020-01-01,326,8036.5854567901215
2020-02-01,326,8036.5854567901215
2020-01-01,327,1664.0565777777786
2020-02-01,327,1664.0565777777786
2020-01-01,328,6078.599925925927
2020-02-01,328,6078.599925925927
2020-01-01,329,21669.216009259257
2020-02-01,329,21669.216009259257
2020-01-01,330,682.5973333333335
2020-02-01,330,682.5973333333335
2020-01-01,331,6634.431018518516
2020-02-01,331,6634.431018518516
2020-01-01,332,27412.83804320987
2020-02-01,332,27412.83804320987
2020-01-01,333,746.5797777777776
2020-02-01,333,746.5797777777776
2020-01-01,334,3911.0001728395046
2020-02-01,334,3911.0001728395046
2020-01-01,335,9173.855333333331
2020-02-01,335,9422.960666666664
2020-01-01,336,4203.34245925926
2020-02-01,336,4203.34245925926
2020-01-01,337,12465.368888888888
2020-02-01,337,12465.368888888888
2020-01-01,338,14260.819531216928
2020-02-01,338,14260.819531216928
2020-02-01,339,163.09866666666667
2020-01-01,340,2180.2634650793643
2020-02-01,340,2180.2634650793643
2020-01-01,341,12752.146783245153
2020-02-01,341,12752.146783245153
2020-01-01,342,680.3517746913584
2020-02-01,342,680.3517746913584
2020-01-01,343,16177.424472222227
2020-02-01,343,16640.77339814815
2020-01-01,345,470.5492592592596
2020-02-01,345,486.5061728395065
2020-01-01,346,3668.6904185185185
2020-02-01,346,3668.6904185185185
2020-01-01,348,951.8628703703706
2020-02-01,348,947.5684259259261
2020-01-01,349,1439.309703703703
2020-02-01,349,1439.309703703703
2020-01-01,350,242.39060185185178
2020-02-01,350,242.39060185185178
2020-01-01,351,845.9226851851853
2020-02-01,351,845.9226851851853
2020-01-01,352,474.2527092592591
2020-02-01,352,465.40192037037025
2020-01-01,353,4070.4747793209876
2020-02-01,353,4070.4747793209876
2020-01-01,354,120.65622962962964
2020-02-01,354,121.8579962962963
2020-01-01,355,1809.0005291005289
2020-02-01,355,1809.0005291005289
2020-01-01,356,244.021550308642
2020-02-01,356,245.22331697530865
2020-01-01,357,1073.6646728395058
2020-02-01,357,1073.6646728395058
2020-01-01,358,601.1166666666667
2020-02-01,358,601.1166666666667
2020-01-01,359,3575.0222021604936
2020-02-01,359,3575.0222021604936
2020-01-01,360,3246.9393641975316
2020-02-01,360,3246.9393641975316
2020-01-01,361,415.3744179894178
2020-02-01,361,415.3744179894178
2020-01-01,362,1509.4744226190478
2020-02-01,362,1509.4744226190478
2020-01-01,363,1473.3535
2020-02-01,363,1473.3535
2020-01-01,364,4157.585602469137
2020-02-01,364,4157.585602469137
2020-01-01,365,1734.7080419753086
2020-02-01,365,1734.7080419753086
2020-01-01,366,6432.483890828927
2020-02-01,366,6432.483890828927
2020-01-01,367,688.592951851852
2020-02-01,367,688.592951851852
2020-01-01,368,9195.214055555558
2020-02-01,368,9195.214055555558
2020-01-01,369,2911.8358950617285
2020-02-01,369,2911.8358950617285
2020-01-01,370,198.58512592592598
2020-01-01,371,1762.2831527777785
2020-02-01,371,1762.2831527777785
2020-01-01,372,2834.10012191358
2020-02-01,372,2834.10012191358
2020-01-01,374,4634.771944444446
2020-02-01,374,4634.771944444446
2020-01-01,375,681.7234547325105
2020-02-01,375,681.7234547325105
2020-01-01,376,2642.8833935626108
2020-02-01,376,2667.116430599648
2020-01-01,377,11.5
2020-02-01,377,11.5
2020-01-01,378,1342.4290732804234
2020-02-01,378,1407.8491592592593
2020-01-01,380,2409.4877731481483
2020-02-01,380,2409.4877731481483
2020-01-01,381,1906.0675604056441
2020-02-01,381,1934.7183051146387
2020-01-01,382,679.7569481481481
2020-02-01,382,679.7569481481481
2020-01-01,383,4085.8180246913585
2020-02-01,383,4085.8180246913585
2020-01-01,384,11727.430046296298
2020-02-01,384,11561.53452777778
2020-01-01,385,755.0017592592595
2020-02-01,385,755.0017592592595
2020-01-01,386,1968.9983333333332
2020-02-01,386,1968.9983333333332
2020-01-01,387,7911.625096913578
2020-02-01,387,7919.938115432097
2020-01-01,388,624.9832204585538
2020-02-01,388,624.9832204585538
2020-01-01,389,2554.644018518519
2020-02-01,389,2554.644018518519
2020-01-01,390,3984.305910052911
2020-02-01,390,3984.305910052911
2020-01-01,391,2453.2008574074075
2020-02-01,391,2453.2008574074075
2020-01-01,392,7683.822324074076
2020-02-01,392,7752.712549382718
2020-01-01,393,8162.586145679011
2020-02-01,393,8162.586145679011
2020-01-01,394,1688.9773580246908
2020-02-01,394,1757.8675833333327
2020-01-01,395,8447.461351851853
2020-02-01,395,8450.555842592594
2020-01-01,396,7782.871464197529
2020-02-01,396,7782.871464197529
2020-01-01,398,555.00855335097
2020-02-01,398,555.00855335097
2020-02-01,400,56.68645833333333
2020-01-01,401,277.17820105820107
2020-02-01,401,277.17820105820107
2020-01-01,404,145.257712962963
2020-02-01,404,145.257712962963
2020-02-01,405,30.181388888888893
2020-01-01,406,84.9141033950617
2020-02-01,406,84.9141033950617
2020-01-01,408,112.91077160493823
2020-02-01,408,112.91077160493823
2020-01-01,409,113.56615555555551
2020-02-01,409,113.56615555555551
2020-01-01,410,923.6188580246916
2020-02-01,410,911.7246913580251
2020-02-01,412,127.90254550264552
2020-01-01,414,154.1494065255732
2020-01-01,415,615.4200814814814
2020-02-01,415,596.4057192680775
2020-01-01,417,192.61379876543214
2020-02-01,417,192.61379876543214
2020-01-01,419,137.0217764550264
2020-02-01,419,138.28574867724862
2020-01-01,421,133.63557283950615
2020-02-01,421,133.58214999999998
2020-01-01,424,149.34335432098763
2020-02-01,424,149.34335432098763
2020-01-01,426,173.52989391534393
2020-01-01,427,320.86666296296295
2020-02-01,427,320.86666296296295
2020-01-01,429,259.3829320987654
2020-02-01,429,259.3829320987654
2020-01-01,431,163.7225574074074
2020-02-01,431,163.7225574074074
2020-01-01,432,10.972453703703703
2020-01-01,433,104.07967680776015
2020-02-01,433,106.91868209876544
2020-01-01,434,165.10875308641977
2020-02-01,434,165.10875308641977
2020-01-01,435,360.58956701940036
2020-02-01,435,360.58956701940036
2020-01-01,437,41.710767283950645
2020-01-01,438,984.2971851851848
2020-02-01,438,984.2971851851848
2020-01-01,441,37.39967901234569
2020-02-01,441,37.39967901234569
2020-01-01,443,30.489537037037028
2020-02-01,443,40.44894999999999
2020-01-01,444,192.7939074074074
2020-02-01,444,196.58125308641974
2020-02-01,446,48.07040679012345
2020-01-01,447,272.525086419753
2020-02-01,447,275.4926728395061
2020-02-01,449,28.65702098765432
2020-01-01,450,344.0737246913579
2020-02-01,450,350.4622246913579
2020-01-01,452,1165.8932129629632
2020-02-01,452,1153.9990462962962
2020-01-01,454,155.78262962962964
2020-02-01,454,155.78262962962964
2020-01-01,455,237.27856031746032
2020-02-01,455,237.27856031746032
2020-01-01,458,79.63982253086418
2020-02-01,458,79.63982253086418
2020-02-01,459,139.11871737213403
2020-01-01,460,51.72852839506174
2020-02-01,460,51.72852839506174
2020-01-01,461,309.08485013227505
2020-01-01,462,154.87182870370364
2020-02-01,462,154.87182870370364
2020-02-01,463,104.32087641093476
2020-01-01,464,436.4857390652558
2020-02-01,464,436.4857390652558
2020-02-01,465,92.81418350970016
2020-01-01,466,90.831807627866
2020-02-01,466,94.28339845679014
2020-01-01,467,267.80444664902996
2020-02-01,467,252.0774600970017
2020-01-01,468,955.1724369488537
2020-02-01,468,944.217148809524
2020-01-01,469,271.35939021164006
2020-02-01,469,286.5624325396824
2020-01-01,470,164.66855114638446
2020-01-01,471,95.59649047619047
2020-02-01,471,102.19814700176366
2020-01-01,472,1239.3108101851856
2020-01-01,473,909.8022222222222
2020-02-01,473,895.4874999999998
2020-01-01,474,281.4592762345679
2020-01-01,475,610.9415555555555
2020-02-01,475,621.6067777777778
2020-01-01,477,1813.0985817901233
2020-01-01,478,254.7873703703704
2020-02-01,478,256.3645092592593
2020-01-01,480,75.32026975308641
2020-01-01,481,175.00611111111104
2020-02-01,481,175.75168209876537
2020-01-01,483,152.1537253086419
2020-02-01,483,148.549924382716
2020-01-01,484,119.28882839506177
2020-01-01,485,149.06530709876546
2020-02-01,485,145.14025617283954
2020-01-01,486,10.798029012345681
2020-01-01,487,165.31699999999992
2020-02-01,487,154.75250462962956
2020-01-01,489,638.3070975308643
2020-02-01,489,627.997464814815
2020-01-01,490,240.40066666666658
2020-02-01,490,240.34393055555546
2020-01-01,492,552.8007148148149
2020-02-01,492,582.6744814814815
2020-01-01,493,6723.991462962964
2020-02-01,493,6723.991462962964
2020-01-01,494,52.389181481481494
2020-01-01,495,88.56643858024692
2020-01-01,496,448.76031701940025
2020-02-01,496,448.76031701940025
2020-01-01,498,318.0630086419752
2020-02-01,498,328.5205425925925
2020-01-01,499,235.89463580246917
2020-02-01,499,235.89463580246917
2020-01-01,501,312.2821117283951
2020-02-01,501,314.8727104938272
2020-01-01,502,1581.3058512345679
2020-02-01,502,1653.9258203703705
2020-01-01,504,155.34102182539675
2020-02-01,504,155.34102182539675
2020-01-01,505,742.432712962963
2020-02-01,505,829.2321913580248
2020-01-01,506,1683.7898994708999
2020-02-01,506,1696.3373492063497
2020-01-01,507,934.2184021164019
2020-02-01,507,955.0123915343913
2020-01-01,508,48.86851851851849
2020-02-01,508,50.83907407407404
2020-01-01,510,1513.5937925925925
2020-02-01,510,1502.8130941798943
2020-01-01,511,3.491126543209878
2020-01-01,512,178.52442592592598
2020-02-01,512,199.681175308642
2020-01-01,513,394.6927191358024
2020-02-01,513,405.23520617283947
2020-01-01,514,6.199223765432101
2020-02-01,514,6.207878086419755
2020-01-01,515,149.89060626102295
2020-02-01,515,149.81898218694886
2020-01-01,516,4.231819444444444
2020-01-01,517,395.7081481481482
2020-02-01,517,378.3435919753087
2020-01-01,518,2.830621913580247
2020-01-01,519,636.4427
2020-01-01,520,409.1620111111114
2020-02-01,520,392.89257716049394
2020-01-01,521,17.410388888888885
2020-02-01,521,17.553796296296294
2020-01-01,522,222.54947222222216
2020-02-01,522,219.146774691358
2020-02-01,523,13.026333333333332
2020-01-01,524,27339.553296296282
2020-02-01,524,27339.553296296282
2020-01-01,525,5612.275296296295
2020-02-01,525,5612.275296296295
2020-01-01,526,257.58266556437394
2020-02-01,526,257.58266556437394
2020-01-01,527,323.5409271604938
2020-02-01,527,323.5409271604938
2020-02-01,528,8.304255555555555
2020-01-01,529,148.14000956790113
2020-02-01,529,148.14000956790113
2020-02-01,530,6.030038888888891
2020-01-01,531,196.11801697530856
2020-02-01,531,196.11801697530856
2020-01-01,532,13.733033950617285
2020-02-01,532,13.635841358024692
2020-01-01,533,3572.0792603174614
2020-02-01,533,3609.170235626103
2020-01-01,534,1956.9959906525576
2020-02-01,534,2029.2672252204586
2020-01-01,535,2.4280030864197526
2020-02-01,535,2.460687037037037
2020-01-01,536,5520.84121313933
2020-02-01,536,5597.363173897707
2020-01-01,537,2295.369495811288
2020-02-01,537,2295.6718436948854
2020-01-01,538,11.1117237654321
2020-02-01,538,11.1117237654321
2020-01-01,540,12.266036111111113
2020-02-01,540,12.266036111111113
2020-01-01,541,323.53604753086415
2020-02-01,541,321.44274660493824
2020-01-01,542,41.0631790123457
2020-02-01,542,41.0631790123457
2020-01-01,543,4.878500000000001
2020-02-01,543,4.878500000000001
2020-01-01,544,140.97790740740746
2020-02-01,544,145.39424074074077
2020-01-01,546,892.7459475308642
2020-02-01,546,892.7459475308642
2020-01-01,547,11.147233796296291
2020-02-01,547,11.147233796296291
2020-01-01,548,915.0694444444445
2020-02-01,548,915.0694444444445
2020-01-01,549,508.7770123456788
2020-02-01,549,508.7770123456788
2020-01-01,550,16.78176234567902
2020-02-01,550,16.78176234567902
2020-01-01,551,5054.742700617286
2020-02-01,551,5120.6645154321
2020-01-01,552,7660.712106481482
2020-02-01,552,7726.633921296296
2020-01-01,553,164.6029660493827
2020-02-01,553,160.20555864197527
2020-01-01,554,1229.7746721781302
2020-02-01,554,1229.7746721781302
2020-01-01,555,1655.624666666667
2020-02-01,555,1655.624666666667
2020-01-01,556,43.10277006172839
2020-02-01,556,42.69019598765432
2020-01-01,557,4376.660493827162
2020-02-01,557,4376.660493827162
2020-01-01,558,2006.2797685185185
2020-02-01,558,2006.2797685185185
2020-01-01,559,60.56422685185183
2020-02-01,559,50.61794907407406
2020-01-01,560,1348.639795414462
2020-02-01,560,1348.639795414462
2020-01-01,561,1398.4816897707233
2020-02-01,561,1398.4816897707233
2020-01-01,562,11.979606790123453
2020-02-01,562,11.924949382716045
2020-01-01,563,5.076790123456788
2020-02-01,564,465.1117292768961
2020-01-01,565,0.6117530864197533
2020-02-01,565,1.1961975308641974
2020-01-01,566,0.9096296296296297
2020-02-01,569,370.45041869488546
2020-02-01,570,5.596287037037036
2020-01-01,572,309.084468738977
2020-01-01,573,106.10849360670197
2020-01-01,575,4.183845679012345
2020-02-01,577,4.87758487654321
2020-01-01,580,5038.339583333332
2020-01-01,581,181.1968827160493
2020-02-01,587,1.092444444444445
2020-02-01,589,0.7991111111111114
2020-02-01,592,2.7676469135802466
2020-02-01,593,1.560328395061728
2020-01-01,595,473.71966005291017
2020-02-01,595,471.0815952380953
2020-01-01,596,6050.057481481482
2020-02-01,596,6050.057481481482
2020-01-01,597,466.3784823633156
2020-02-01,597,466.3784823633156
2020-01-01,598,1713.2174043209875
2020-02-01,598,1717.9393672839506
2020-01-01,599,706.0904499559082
2020-02-01,599,706.0904499559082
2020-01-01,600,1534.1124521604943
2020-02-01,600,1516.3886591710764
2020-01-01,601,124.95491111111114
2020-02-01,601,124.95491111111114
2020-01-01,602,707.8866391534393
2020-02-01,602,713.0103322751324
2020-01-01,603,430.1466222222224
2020-02-01,603,423.49451234567914
2020-01-01,604,3998.9167685185175
2020-02-01,604,3998.9167685185175
2020-01-01,605,313.08388148148146
2020-02-01,605,307.2928086419753
2020-01-01,606,4125.300243827161
2020-02-01,606,4125.300243827161
2020-01-01,607,511.46411111111104
2020-02-01,607,511.46411111111104
2020-01-01,608,1269.960030864198
2020-02-01,608,1269.960030864198
2020-01-01,609,1591.6144929453264
2020-02-01,609,1591.6144929453264
2020-01-01,610,2430.5054629629635
2020-02-01,610,2430.5054629629635
2020-01-01,611,4612.811296296295
2020-02-01,611,4612.811296296295
2020-01-01,613,1058.96087654321
2020-02-01,613,1058.96087654321
2020-01-01,614,994.3317716049388
2020-02-01,614,994.3317716049388
2020-01-01,615,1395.830837037037
2020-02-01,615,1395.830837037037
2020-01-01,616,782.6598962962959
2020-02-01,616,782.6598962962959
2020-01-01,617,2016.6429074074076
2020-02-01,617,2016.6429074074076
2020-01-01,618,751.8603407407406
2020-02-01,618,751.8603407407406
2020-01-01,619,3604.7271869488536
2020-02-01,619,3604.7271869488536
2020-01-01,620,1895.14012191358
2020-02-01,620,1895.14012191358
2020-01-01,621,229.2296296296296
2020-02-01,621,229.2296296296296
2020-01-01,622,2241.078648148148
2020-02-01,622,2241.078648148148
2020-01-01,623,3810.387740740741
2020-02-01,623,3800.8624444444445
2020-01-01,625,3358.821595679013
2020-02-01,625,3341.3916327160496
2020-01-01,626,422.5324296296297
2020-02-01,626,422.5324296296297
2020-01-01,627,2427.8325240740733
2020-02-01,627,2427.8325240740733
2020-01-01,628,6.970388888888889
2020-02-01,628,6.970388888888889
2020-01-01,629,1387.8837037037038
2020-02-01,629,1387.8837037037038
2020-01-01,631,877.9673503086418
2020-02-01,631,877.9673503086418
2020-01-01,632,1448.3285030864195
2020-02-01,632,1448.3285030864195
2020-01-01,633,165.91555555555558
2020-02-01,633,165.91555555555558
2020-01-01,634,1883.706193827161
2020-02-01,634,1883.706193827161
2020-01-01,635,6113.437250000002
2020-02-01,635,6113.437250000002
2020-01-01,636,179.8598518518519
2020-02-01,636,179.8598518518519
2020-01-01,637,1781.7215432098758
2020-02-01,637,1781.7215432098758
2020-01-01,638,13771.460878703705
2020-02-01,638,13771.460878703705
2020-01-01,639,732.4692839506172
2020-02-01,639,732.4692839506172
2020-01-01,640,1101.0016777777778
2020-02-01,640,1101.0016777777778
2020-01-01,641,6649.884962345681
2020-02-01,641,6649.884962345681
2020-01-01,642,1136.3997029100528
2020-02-01,642,1136.3997029100528
2020-01-01,643,3568.015251234569
2020-02-01,643,3568.015251234569
2020-01-01,644,6511.593683686068
2020-02-01,644,6511.593683686068
2020-01-01,645,284.64598765432106
2020-02-01,645,284.64598765432106
2020-01-01,646,874.4071490299822
2020-02-01,646,857.183349206349
2020-01-01,647,5412.781740740741
2020-02-01,647,5412.781740740741
2020-01-01,648,178.24518518518522
2020-02-01,648,178.24518518518522
2020-01-01,649,2996.19637345679
2020-02-01,649,2996.19637345679
2020-01-01,650,81336.46014814815
2020-02-01,650,81336.46014814815
2020-01-01,652,1610.4032759259264
2020-02-01,652,1593.1794761022934
2020-01-01,653,38588.19722222222
2020-02-01,653,38588.19722222222
2020-01-01,654,345.29255555555557
2020-01-01,655,8150.7902993827165
2020-02-01,655,8150.7902993827165
2020-01-01,656,14371.860686728394
2020-02-01,656,14371.860686728394
2020-01-01,657,559.6788055555556
2020-02-01,657,559.6788055555556
2020-01-01,658,7988.012138888891
2020-02-01,658,7988.012138888891
2020-01-01,659,2070.2258040123465
2020-02-01,659,2059.5133780864203
2020-01-01,660,17096.993894179894
2020-02-01,660,17096.993894179894
2020-01-01,661,1742.3334598765425
2020-02-01,661,1742.3334598765425
2020-01-01,662,58612.07028888891
2020-02-01,662,58612.07028888891
2020-01-01,664,6569.865976851851
2020-02-01,664,6569.865976851851
2020-01-01,665,16949.41260493827
2020-02-01,665,16949.41260493827
2020-01-01,666,26493.86478703704
2020-02-01,666,26493.86478703704
2020-01-01,667,29389.102157407408
2020-02-01,667,29389.102157407408
2020-01-01,668,33292.539570987654
2020-02-01,668,33292.539570987654
2020-01-01,669,1665.6541265432106
2020-02-01,669,1665.6541265432106
2020-01-01,670,16434.404959259256
2020-02-01,670,16434.404959259256
2020-01-01,671,5167.46826759259
2020-02-01,671,5167.46826759259
2020-01-01,672,8799.01046388889
2020-02-01,672,8799.01046388889
2020-01-01,673,1884.6822537037033
2020-02-01,673,1884.6822537037033
2020-01-01,674,6872.664037037038
2020-02-01,674,6872.664037037038
2020-01-01,675,3365.530819753086
2020-02-01,675,3365.530819753086
2020-01-01,676,32091.38466975309
2020-02-01,676,32091.38466975309
2020-01-01,677,13143.50130555555
2020-02-01,677,13143.50130555555
2020-01-01,678,2690.6583219954646
2020-02-01,678,2690.6583219954646
2020-01-01,679,6208.81549537037
2020-02-01,679,6208.81549537037
2020-01-01,680,38228.754641975305
2020-02-01,680,38228.754641975305
2020-01-01,681,51.603364197530844
2020-02-01,681,51.603364197530844
2020-01-01,682,16058.831817680775
2020-02-01,682,16058.831817680775
2020-01-01,683,2517.8023999999996
2020-02-01,683,2517.8023999999996
2020-01-01,684,23010.579949609466
2020-02-01,684,23010.579949609466
2020-01-01,685,434.3527167548501
2020-02-01,685,434.3527167548501
2020-01-01,686,19777.25553602922
2020-02-01,686,19777.25553602922
2020-01-01,688,20469.23646349206
2020-02-01,688,20469.23646349206
2020-01-01,689,28284.768320987663
2020-02-01,689,28284.768320987663
2020-01-01,690,1168.9194074074078
2020-02-01,690,1168.9194074074078
2020-01-01,691,4691.714762345679
2020-02-01,691,4691.714762345679
2020-01-01,692,15183.603293827155
2020-02-01,692,15183.603293827155
2020-01-01,693,2334.0382197530857
2020-02-01,693,2334.0382197530857
2020-01-01,694,44768.40905432099
2020-02-01,694,44768.40905432099
2020-01-01,695,73375.04638888892
2020-02-01,695,73375.04638888892
2020-01-01,696,3462.666074074072
2020-02-01,696,3462.666074074072
2020-01-01,697,16599.0956095679
2020-02-01,697,16599.0956095679
2020-01-01,698,44560.37415925927
2020-02-01,698,44835.41615000001
2020-01-01,699,5370.035679012347
2020-02-01,699,5370.035679012347
2020-01-01,700,17698.37519722222
2020-02-01,700,17698.37519722222
2020-01-01,701,18043.481427763076
2020-02-01,701,18887.80517225161
2020-01-01,702,3686.1881185185193
2020-02-01,702,3686.1881185185193
2020-01-01,703,9071.093394708996
2020-02-01,703,9071.093394708996
2020-01-01,704,38707.7260030864
2020-02-01,704,39068.445771604915
2020-02-01,707,20.49695061728395
2020-01-01,708,6.918854938271603
2020-02-01,708,9.691462962962959
2020-01-01,710,5.967037037037036
2020-02-01,715,29.477378086419744
2020-02-01,716,22.659514991181656
2020-02-01,718,37.19668165784832
2020-01-01,720,29.760229938271607
2020-01-01,722,30.56263580246914
2020-01-01,726,10.238780864197532
2020-02-01,726,9.259135802469139
2020-02-01,728,6.532543209876544
2020-01-01,729,7.56481172839506
2020-01-01,730,3.2416975308641947
2020-02-01,730,2.098398148148148
2020-02-01,732,1.7984722222222218
2020-02-01,734,1.2939629629629628
2020-01-01,735,5.924978395061729
2020-01-01,738,5.894027777777778
2020-01-01,739,6.732901234567901
2020-01-01,740,1.9144444444444437
2020-02-01,740,0.9696111111111112
2020-02-01,744,4.086444444444443
2020-02-01,746,3.5167592592592594
2020-02-01,747,1.5124074074074072
2020-02-01,748,3.0324999999999998
2020-02-01,749,1.2199999999999998
2020-01-01,751,894.2612571428574
2020-02-01,751,894.2612571428574
2020-01-01,752,16918.512999999995
2020-02-01,752,16918.512999999995
2020-01-01,754,713.1636265432097
2020-02-01,754,713.1636265432097
2020-01-01,755,4395.435790895062
2020-02-01,755,4395.435790895062
2020-01-01,757,1840.9722070105815
2020-02-01,757,1840.9722070105815
2020-01-01,758,3185.0354827160495
2020-02-01,758,3185.0354827160495
2020-01-01,759,437.23549999999994
2020-02-01,759,437.23549999999994
2020-01-01,760,2768.376155555556
2020-02-01,760,2768.376155555556
2020-01-01,761,3003.8979922839508
2020-02-01,761,3029.485270061729
2020-01-01,762,7921.758228395061
2020-02-01,762,7926.557706172839
2020-01-01,763,2069.8447484567896
2020-02-01,763,2110.380384259259
2020-01-01,764,9000.493768209879
2020-02-01,764,8951.823486728395
2020-01-01,765,2978.1267438271607
2020-02-01,765,2978.1267438271607
2020-01-01,766,1998.881530864197
2020-02-01,766,1998.881530864197
2020-01-01,767,1797.3748148148152
2020-02-01,767,1797.3748148148152
2020-01-01,768,9904.785462962962
2020-02-01,768,9904.785462962962
2020-01-01,769,8376.705367283945
2020-02-01,769,8376.705367283945
2020-01-01,770,377.79739999999987
2020-02-01,770,377.79739999999987
2020-01-01,771,2907.404833333334
2020-02-01,771,2907.404833333334
2020-01-01,772,3071.4740851851843
2020-02-01,772,3071.4740851851843
2020-01-01,773,4710.2688395061705
2020-02-01,773,4710.2688395061705
2020-01-01,774,3055.1174776014104
2020-02-01,774,3055.1174776014104
2020-01-01,775,5937.740586860671
2020-02-01,775,5937.740586860671
2020-01-01,776,927.2371358024687
2020-02-01,776,927.2371358024687
2020-01-01,777,24655.549777777782
2020-02-01,777,24655.549777777782
2020-01-01,778,6818.1569058642
2020-02-01,778,6809.979092592594
2020-01-01,779,489.25600000000014
2020-02-01,779,489.25600000000014
2020-01-01,780,6120.417342592593
2020-02-01,780,6120.417342592593
2020-01-01,781,12404.458182098764
2020-02-01,781,12232.519825617284
2020-01-01,782,125.27231446208116
2020-01-01,783,7428.207677777776
2020-02-01,783,7416.132673148147
2020-01-01,784,1326.3466296296294
2020-02-01,784,1326.3466296296294
2020-01-01,785,4419.704830246916
2020-02-01,785,4419.704830246916
2020-01-01,786,93.00938271604942
2020-02-01,786,93.00938271604942
2020-01-01,787,3193.5153174603192
2020-02-01,787,3193.5153174603192
2020-01-01,789,3685.175111111113
2020-02-01,789,3685.175111111113
2020-01-01,790,5778.050817901235
2020-02-01,790,5778.050817901235
2020-01-01,791,888.386995884774
2020-02-01,791,888.386995884774
2020-01-01,792,6074.625870061731
2020-02-01,792,6074.625870061731
2020-01-01,793,12774.990623456788
2020-02-01,793,12774.990623456788
2020-01-01,794,499.5437037037035
2020-02-01,794,499.5437037037035
2020-01-01,795,35602.309567901226
2020-02-01,795,35602.309567901226
2020-01-01,796,19970.866433641975
2020-02-01,796,19970.866433641975
2020-01-01,797,1582.6220162257493
2020-02-01,797,1582.6220162257493
2020-01-01,798,13304.011875000002
2020-02-01,798,13304.011875000002
2020-01-01,799,15549.22549722222
2020-02-01,799,15479.851682407405
2020-01-01,800,1981.759841975309
2020-02-01,800,1981.759841975309
2020-01-01,801,7963.906686728393
2020-02-01,801,7963.906686728393
2020-01-01,802,13655.541535493832
2020-02-01,802,13616.479128086423
2020-01-01,803,284.2845679012345
2020-02-01,803,284.2845679012345
2020-01-01,804,3918.0804885802468
2020-02-01,804,3918.0804885802468
2020-01-01,805,9173.542341269842
2020-02-01,805,9328.084518518519
2020-01-01,807,769.301955908289
2020-02-01,807,787.6581481481478
2020-01-01,808,201.53514814814824
2020-02-01,808,201.53514814814824
2020-01-01,809,160.87467019400353
2020-02-01,809,182.2613747795415
2020-01-01,810,62.13197469135799
2020-01-01,811,285.768466931217
2020-02-01,811,304.12465917107596
2020-02-01,812,41.4634574074074
2020-02-01,813,170.70948253968254
2020-01-01,814,114.4163024691358
2020-02-01,814,114.4163024691358
2020-01-01,815,1015.9734631834212
2020-02-01,815,1015.9734631834212
2020-01-01,816,113.6369475308642
2020-02-01,816,113.6369475308642
2020-01-01,817,2890.7847169312176
2020-02-01,817,2890.7847169312176
2020-01-01,818,30.170084876543207
2020-02-01,818,30.170084876543207
2020-01-01,819,258.1975950617283
2020-02-01,819,258.1975950617283
2020-01-01,820,273.25048148148136
2020-02-01,820,273.25048148148136
2020-01-01,821,1051.3980879629626
2020-02-01,821,1051.3980879629626
2020-01-01,822,1191.9414047619046
2020-02-01,822,1195.9338075396822
2020-01-01,823,94.96251851851851
2020-01-01,824,288.1150709876543
2020-02-01,824,318.46739969135797
2020-01-01,825,365.1145642269253
2020-02-01,825,358.97474941211044
2020-01-01,826,720.8299598765431
2020-02-01,826,727.6611836419751
2020-01-01,827,555.8695370370367
2020-02-01,827,547.6749074074071
2020-01-01,828,872.2316820987654
2020-02-01,828,879.0629058641974
2020-01-01,829,79.58313086419754
2020-02-01,829,79.58313086419754
2020-01-01,830,1842.6015067901242
2020-02-01,830,1842.6015067901242
2020-01-01,831,1204.5482330246916
2020-02-01,831,1214.71575308642
2020-01-01,833,414.03842222222244
2020-01-01,834,551.433035493827
2020-02-01,834,551.433035493827
2020-01-01,835,65.66841820987653
2020-01-01,836,349.7202228395063
2020-02-01,836,343.2537228395062
2020-01-01,837,133.60635956790122
2020-02-01,837,140.099762345679
2020-01-01,838,674.5483481481482
2020-02-01,838,668.0818481481482
2020-01-01,839,0.0
2020-01-01,840,347.9218490740741
2020-02-01,840,341.45534907407404
2020-01-01,842,309.49928681657855
2020-02-01,842,309.49928681657855
2020-01-01,843,600.2030962962962
2020-02-01,843,600.2030962962962
2020-01-01,845,2307.909916666666
2020-02-01,845,2307.909916666666
2020-01-01,846,4591.987259259258
2020-02-01,846,4591.987259259258
2020-01-01,847,84.36474074074074
2020-01-01,848,1405.8309907407408
2020-01-01,849,5098.103479938273
2020-02-01,849,5098.103479938273
2020-01-01,850,133.37037037037038
2020-02-01,850,133.37037037037038
2020-01-01,851,3238.540631481482
2020-02-01,851,3238.540631481482
2020-01-01,852,2679.094447530865
2020-02-01,852,2679.094447530865
2020-02-01,853,649.8388359788361
2020-01-01,854,1607.8928703703705
2020-02-01,854,1607.8928703703705
2020-01-01,855,5036.035556481482
2020-02-01,855,5036.035556481482
2020-02-01,857,847.4670277777778
2020-01-01,858,2635.5421296296304
2020-02-01,858,2635.5421296296304
2020-02-01,859,42.54773148148149
2020-01-01,861,21.301274691358017
2020-01-01,863,33.6814336419753
2020-02-01,864,37.31543496472664
2020-02-01,866,4.124361111111112
2020-01-01,870,2.903291975308642
2020-02-01,875,14.24533888888889
2020-02-01,878,40.8723487654321
2020-01-01,880,73.79718209876543
2020-02-01,880,73.79718209876543
2020-01-01,885,40.38485771604939
2020-01-01,887,38.117112345679026
2020-02-01,889,31.48650370370372
2020-02-01,892,7.399428306878308
2020-01-01,894,1.4720277777777773
2020-02-01,894,3.260101851851854
2020-02-01,899,45.917993606701955
2020-01-01,900,13.158445987654318
2020-01-01,902,34.76777932098766
2020-01-01,903,26.07289969135803
2020-01-01,904,24.743905864197522
2020-02-01,904,25.515739197530856
2020-01-01,906,103.03484153439155
2020-02-01,906,103.03484153439155
2020-01-01,908,29.459416666666673
2020-02-01,908,29.459416666666673
2020-01-01,910,136.05266701940033
2020-02-01,910,136.29298932980598
2020-01-01,912,21.92185114638447
2020-01-01,913,62.972067328042364
2020-02-01,913,69.1737203262787
2020-01-01,915,25.274699074074075
2020-02-01,915,28.34963955026455
2020-01-01,917,8.890320370370372
2020-01-01,919,8.640135185185184
2020-02-01,919,11.133551851851855
2020-01-01,924,53.13471049382717
2020-01-01,925,175.77965895061726
2020-02-01,925,175.77965895061726
2020-01-01,927,867.4576051587302
2020-02-01,927,872.8811708994709
2020-01-01,929,454.12605987654337
2020-02-01,929,488.0667490740742
2020-01-01,930,31.847373456790134
2020-01-01,931,402.33362654321
2020-02-01,931,430.1672910493828
2020-01-01,933,526.5219564814815
2020-02-01,933,541.3506688271605
2020-01-01,934,160.6242685185185
2020-01-01,935,26.001814814814814
2020-02-01,935,26.001814814814814
2020-02-01,939,9.100568518518516
2020-01-01,940,5.589533950617283
2020-02-01,942,6.46732098765432
2020-01-01,943,4.0802802469135795
2020-02-01,943,3.9598111111111107
2020-01-01,945,81.05463703703704
2020-02-01,945,81.05463703703704
2020-01-01,946,450.8145833333334
2020-02-01,946,450.8145833333334
2020-01-01,947,960.6485240740741
2020-02-01,947,960.6485240740741
2020-01-01,948,2749.5862345679006
2020-02-01,948,2749.5862345679006
2020-01-01,949,5398.930833333334
2020-02-01,949,5398.930833333334
2020-01-01,951,2939.06325308642
2020-02-01,951,2939.06325308642
2020-01-01,952,2181.654555864198
2020-02-01,952,2181.654555864198
2020-01-01,953,755.5937839506173
2020-02-01,953,755.5937839506173
2020-01-01,954,2074.32224074074
2020-02-01,954,2074.32224074074
2020-01-01,955,2516.9758935185178
2020-02-01,955,2516.9758935185178
2020-01-01,956,373.5994351851853
2020-02-01,956,373.5994351851853
2020-01-01,957,357.09855246913594
2020-02-01,957,357.09855246913594
2020-01-01,958,1093.8156898148143
2020-02-01,958,1093.8156898148143
2020-01-01,959,1598.9302561728393
2020-02-01,959,1598.9302561728393
2020-01-01,961,1126.6102398148146
2020-02-01,961,1126.6102398148146
2020-01-01,962,3513.120756172839
2020-02-01,962,3513.120756172839
2020-01-01,963,3192.9647469135807
2020-02-01,963,3192.9647469135807
2020-01-01,964,1207.5415740740743
2020-02-01,964,1207.5415740740743
2020-01-01,965,10671.334362874777
2020-02-01,965,10710.391360229276
2020-01-01,966,11574.217502204589
2020-02-01,966,11656.447012786599
2020-01-01,967,5665.493302469136
2020-02-01,967,5665.493302469136
2020-01-01,968,935.423352998236
2020-02-01,968,944.9311426807758
2020-01-01,969,781.3448771604936
2020-02-01,969,781.3448771604936
2020-01-01,970,1194.0209174162262
2020-02-01,970,1203.5287070987658
2020-01-01,971,385.6455719576719
2020-02-01,971,385.6455719576719
2020-01-01,972,702.6768253968252
2020-02-01,972,702.6768253968252
2020-01-01,973,296.3990648148148
2020-02-01,973,296.3990648148148
2020-01-01,974,3191.0341481481473
2020-02-01,974,3401.9022962962945
2020-01-01,975,9653.732283950618
2020-02-01,975,9646.700432098767
2020-01-01,976,809.5909231481484
2020-02-01,976,809.5909231481484
2020-01-01,977,2734.729313580247
2020-02-01,977,2928.9511037037037
2020-01-01,978,4157.115421075838
2020-02-01,978,4351.337211199295
2020-01-01,979,1568.3158861111106
2020-02-01,979,1571.837177777777
2020-01-01,980,97.04920370370372
2020-02-01,980,97.04920370370372
2020-01-01,981,1406.7275416666666
2020-02-01,981,1410.2488333333333
2020-01-01,982,1623.5830444444448
2020-02-01,982,1623.5830444444448
2020-01-01,983,2133.425047222222
2020-02-01,983,2133.425047222222
2020-01-01,984,94.6314074074074
2020-02-01,984,94.6314074074074
2020-01-01,985,2573.223931481481
2020-02-01,985,2573.223931481481
2020-01-01,986,542.9275925925926
2020-01-01,987,5885.822000000001
2020-02-01,987,5885.822000000001
2020-01-01,988,4897.308153703702
2020-02-01,988,4897.308153703702
2020-01-01,989,1442.2469444444446
2020-02-01,989,1442.2469444444446
2020-01-01,990,2753.8895873015867
2020-02-01,990,2753.8895873015867
2020-01-01,991,736.4801793650794
2020-02-01,991,736.4801793650794
2020-01-01,992,1862.2992539682537
2020-02-01,992,1862.2992539682537
2020-01-01,993,21501.746849999996
2020-02-01,993,21501.746849999996
2020-01-01,994,4719.835552821866
2020-02-01,994,4719.835552821866
2020-01-01,995,1477.755
2020-02-01,995,1477.755
2020-01-01,996,9066.69125925926
2020-02-01,996,9066.69125925926
2020-01-01,997,2074.9856018518517
2020-02-01,997,2074.9856018518517
2020-01-01,998,7581.488061728398
2020-02-01,998,7581.488061728398
2020-01-01,999,8150.724728395061
2020-02-01,999,8150.724728395061
2020-01-01,1000,2243.7342469135806
2020-02-01,1000,2243.7342469135806
2020-01-01,1001,1286.710555555556
2020-02-01,1001,1286.710555555556
2020-01-01,1002,6963.846493827162
2020-02-01,1002,6963.846493827162
2020-01-01,1003,3407.85767967372
2020-02-01,1003,3407.85767967372
2020-01-01,1004,4.873015873015872
2020-01-01,1006,5.197391534391533
2020-02-01,1006,5.276058201058202
2020-01-01,1007,5.08269841269841
2020-02-01,1011,5.121333333333334
2020-02-01,1012,21.131853174603172
2020-02-01,1013,5.121333333333334
2020-02-01,1015,5.1035555555555545
2020-01-01,1016,26.81750132275133
2020-02-01,1023,5.1317941798941815
2020-01-01,1027,2.0422341269841264
2020-01-01,1029,2.055845238095238
2020-01-01,1035,1.2890925925925922
2020-02-01,1035,1.7926111111111105
2020-02-01,1037,1.328648148148148
2020-02-01,1039,0.8173840388007052
2020-02-01,1042,0.7821556437389768
2020-02-01,1044,0.9670939153439152
2020-01-01,1046,5.70080873015873
2020-02-01,1047,18.154191137566137
2020-01-01,1048,4.070896825396826
2020-01-01,1050,3.8206243386243384
2020-02-01,1055,10.977934259259259
2020-01-01,1056,11.657196604938273
2020-02-01,1056,11.70957314814815
2020-01-01,1060,8.48824413580247
2020-01-01,1061,6.591801543209878
2020-02-01,1063,7.576745370370372
2020-01-01,1065,14.601316049382723
2020-02-01,1065,15.364246604938277
2020-02-01,1067,13.172554012345676
2020-01-01,1072,47.2827438271605
2020-02-01,1072,46.071632716049386
2020-01-01,1073,8.600899691358025
2020-02-01,1073,8.600899691358025
2020-01-01,1077,24.15265123456791
2020-02-01,1077,24.15265123456791
2020-01-01,1079,21.597521604938276
2020-01-01,1081,85.5454228395062
2020-01-01,1082,11.360067901234572
2020-02-01,1082,11.360067901234572
2020-02-01,1085,17.717433641975312
2020-01-01,1088,7.370541666666667
2020-02-01,1088,7.770640432098765
2020-01-01,1091,2.5185555555555563
2020-02-01,1091,2.918654320987655
2020-02-01,1094,2.2797469135802473
2020-02-01,1096,34.43159898589066
2020-01-01,1097,120.29302910052911
2020-02-01,1097,116.76284656084657
2020-01-01,1098,2001.7932089947092
2020-02-01,1098,2001.7932089947092
2020-01-01,1099,8011.304910556815
2020-02-01,1099,7939.464806941295
2020-01-01,1100,14515.016385273366
2020-02-01,1100,14302.795151146382
2020-01-01,1102,6525.135797064754
2020-02-01,1102,6447.719842479217
2020-01-01,1103,8651.238763580244
2020-02-01,1103,8479.546596913578
2020-01-01,1104,3319.46071743512
2020-02-01,1104,3152.7710303099
2020-01-01,1105,6959.168608969515
2020-02-01,1105,6853.129138775511
2020-01-01,1106,6513.65255291005
2020-02-01,1106,6513.65255291005
2020-01-01,1107,849.9984413580246
2020-02-01,1107,853.0685262345677
2020-01-01,1108,943.7643461199298
2020-02-01,1108,941.0316254409173
2020-01-01,1109,2937.010976719576
2020-02-01,1109,2908.9003576719565
2020-01-01,1110,2220.8368761022925
2020-02-01,1110,2219.4521459435628
2020-01-01,1112,2213.166023015873
2020-02-01,1112,2191.4162187830684
2020-01-01,1113,9212.933226631396
2020-02-01,1113,9212.933226631396
2020-01-01,1115,6492.86027777778
2020-02-01,1115,6492.86027777778
2020-01-01,1116,4878.866901234567
2020-02-01,1116,4878.866901234567
2020-01-01,1117,68273.4926703704
2020-02-01,1117,68273.4926703704
2020-01-01,1118,32104.367827160502
2020-02-01,1118,32104.367827160502
2020-01-01,1119,19581.395842151676
2020-02-01,1119,19581.395842151676
2020-01-01,1120,2410.1828
2020-02-01,1120,2421.459837037037
2020-01-01,1121,1633.2014197530857
2020-02-01,1121,1633.2014197530857
2020-01-01,1122,3047.5830907407417
2020-02-01,1122,3058.8601277777793
2020-01-01,1123,795.3191805555554
2020-02-01,1123,795.3191805555554
2020-01-01,1124,1133.6309351851853
2020-02-01,1124,1133.6309351851853
2020-01-01,1125,724.5936456790126
2020-02-01,1125,724.5936456790126
2020-01-01,1126,6557.51614814815
2020-02-01,1126,6557.51614814815
2020-01-01,1127,16900.85181481481
2020-02-01,1127,16900.85181481481
2020-01-01,1128,474.42998236331573
2020-02-01,1128,474.42998236331573
2020-01-01,1129,6326.799869135804
2020-02-01,1129,6326.799869135804
2020-01-01,1130,8566.576384920638
2020-02-01,1130,8566.576384920638
2020-01-01,1131,4725.782703703703
2020-02-01,1131,4725.782703703703
2020-01-01,1132,654.7709999999998
2020-02-01,1132,654.7709999999998
2020-01-01,1133,2755.01999691358
2020-02-01,1133,2732.0954537037037
2020-01-01,1134,4268.423901234567
2020-02-01,1134,4268.423901234567
2020-01-01,1135,4532.0690740740765
2020-02-01,1135,4499.656475308644
2020-01-01,1136,736.5823703703707
2020-02-01,1136,736.5823703703707
2020-01-01,1137,6246.76422222222
2020-02-01,1137,6256.600929012344
2020-01-01,1139,23717.02602777777
2020-02-01,1139,23717.02602777777
2020-01-01,1140,7838.018705555554
2020-02-01,1140,7847.855412345677
2020-01-01,1141,3567.4997460317454
2020-02-01,1141,3696.7496666666657
2020-01-01,1142,7714.1490405643735
2020-02-01,1142,7843.398961199293
2020-01-01,1143,1498.5166666666667
2020-02-01,1143,1498.5166666666667
2020-01-01,1144,4020.0062962962957
2020-02-01,1144,4020.0062962962957
2020-01-01,1145,44668.76380740738
2020-02-01,1145,44668.76380740738
2020-01-01,1146,6789.732191358025
2020-02-01,1146,6789.732191358025
2020-01-01,1147,3911.777333333331
2020-02-01,1147,3911.777333333331
2020-01-01,1148,15794.072044444449
2020-02-01,1148,15794.072044444449
2020-01-01,1149,4313.75204691358
2020-02-01,1149,4313.75204691358
2020-01-01,1150,9312.68007098765
2020-02-01,1150,9312.68007098765
2020-01-01,1151,13224.201049382722
2020-02-01,1151,13224.201049382722
2020-01-01,1152,2155.084451851852
2020-02-01,1152,2155.084451851852
2020-01-01,1153,5883.010177777775
2020-02-01,1153,5883.010177777775
2020-01-01,1154,11607.476860670195
2020-02-01,1154,11607.476860670195
2020-01-01,1155,10840.649228395063
2020-02-01,1155,10840.649228395063
2020-01-01,1156,0.0
2020-02-01,1156,0.0
2020-01-01,1157,30590.63293518518
2020-02-01,1157,30590.63293518518
2020-01-01,1158,147.75735978835985
2020-02-01,1158,147.75735978835985
2020-01-01,1159,26808.386567901238
2020-02-01,1159,26808.386567901238
2020-01-01,1160,57.62332426303854
2020-01-01,1161,12120.9951957672
2020-02-01,1161,12120.9951957672
2020-01-01,1162,46.76404894179894
2020-02-01,1162,60.13942195767195
2020-01-01,1163,14990.854309082897
2020-02-01,1163,14990.854309082897
2020-01-01,1164,245.63934417989412
2020-02-01,1164,244.21834417989413
2020-01-01,1165,28221.770660934737
2020-02-01,1165,28221.770660934737
2020-01-01,1166,202.0462023809524
2020-02-01,1166,202.0462023809524
2020-01-01,1167,47263.038518518515
2020-02-01,1167,47263.038518518515
2020-01-01,1168,359.24603617724847
2020-02-01,1168,359.24603617724847
2020-01-01,1169,18294.82818452381
2020-02-01,1169,18294.82818452381
2020-01-01,1171,431.80214550264566
2020-02-01,1171,431.80214550264566
2020-01-01,1172,15839.46294753086
2020-02-01,1172,15839.46294753086
2020-01-01,1174,13413.817866666663
2020-02-01,1174,13413.817866666663
2020-01-01,1175,195.39259788359792
2020-02-01,1175,195.39259788359792
2020-01-01,1176,26204.961487125212
2020-02-01,1176,26204.961487125212
2020-01-01,1177,1776.8745456790125
2020-02-01,1177,1776.8745456790125
2020-01-01,1178,10933.824282186948
2020-02-01,1178,10933.824282186948
2020-01-01,1179,2305.675637037037
2020-02-01,1179,2305.675637037037
2020-01-01,1180,28965.158541446202
2020-02-01,1180,28965.158541446202
2020-01-01,1182,312.42296296296297
2020-02-01,1182,312.42296296296297
2020-01-01,1183,64268.1118277778
2020-02-01,1183,64268.1118277778
2020-01-01,1185,18680.0162654321
2020-02-01,1185,18680.0162654321
2020-01-01,1186,114.72666666666672
2020-02-01,1186,114.72666666666672
2020-01-01,1187,25625.14537037036
2020-02-01,1187,25625.14537037036
2020-01-01,1188,19.553333333333335
2020-02-01,1188,19.553333333333335
2020-01-01,1189,6835.692084876542
2020-02-01,1189,6835.692084876542
2020-01-01,1190,114.87236574074079
2020-02-01,1190,114.87236574074079
2020-01-01,1191,12252.398878086417
2020-02-01,1191,12252.398878086417
2020-01-01,1192,1459.0661172839511
2020-02-01,1192,1459.0661172839511
2020-01-01,1193,32703.015833333346
2020-02-01,1193,32703.015833333346
2020-01-01,1194,67.22133333333332
2020-02-01,1194,67.22133333333332
2020-01-01,1195,934.4429398148146
2020-02-01,1195,934.4429398148146
2020-01-01,1196,43240.52058888889
2020-02-01,1196,43240.52058888889
2020-01-01,1197,341.52989197530866
2020-02-01,1197,341.52989197530866
2020-01-01,1198,31511.525513888882
2020-02-01,1198,31511.525513888882
2020-01-01,1200,405.84280511463834
2020-02-01,1200,405.84280511463834
2020-01-01,1201,24344.54615277777
2020-02-01,1201,24344.54615277777
2020-01-01,1202,474.3301904761905
2020-02-01,1202,474.3301904761905
2020-01-01,1203,27993.599333333335
2020-02-01,1203,27993.599333333335
2020-01-01,1205,1922.064865740741
2020-02-01,1205,1922.064865740741
2020-01-01,1207,1252.132299206349
2020-02-01,1207,1270.9931478835977
2020-01-01,1209,556.8382496472661
2020-02-01,1209,616.0160085978836
2020-01-01,1211,560.7653960317458
2020-02-01,1211,651.6672264109347
2020-02-01,1213,1028.1621728835973
2020-01-01,1215,1452.0631379188712
2020-02-01,1215,1442.7152984126985
2020-01-01,1217,372.5601064814815
2020-02-01,1217,380.94418805114645
2020-01-01,1218,60.99991578483244
2020-02-01,1218,60.99991578483244
2020-01-01,1219,312.6927614197531
2020-02-01,1219,328.23927067901235
2020-01-01,1221,234.54906172839497
2020-02-01,1221,260.39219268077596
2020-01-01,1223,248.00455762786584
2020-01-01,1225,547.5040321869491
2020-02-01,1225,549.2832164903
2020-01-01,1229,1.5611185185185192
2020-01-01,1230,758.0312592592594
2020-02-01,1230,790.5228533068783
2020-01-01,1232,1004.241168518519
2020-02-01,1232,1021.2672083333335
2020-01-01,1233,41.8865962962963
2020-01-01,1234,691.5855342592591
2020-02-01,1234,686.8113811728394
2020-01-01,1236,518.4528074074076
2020-02-01,1236,463.7107182539683
2020-01-01,1238,1028.066968606702
2020-02-01,1238,971.4822750440918
2020-01-01,1240,655.8312513227513
2020-02-01,1240,606.4309836860668
2020-01-01,1243,628.2519179894177
2020-02-01,1243,600.4340709876542
2020-01-01,1245,809.8081933862435
2020-02-01,1245,808.0566528218696
2020-01-01,1247,998.0711274250444
2020-02-01,1247,996.3195868606706
2020-02-01,1248,56.18930864197531
2020-01-01,1249,1015.276678130512
2020-02-01,1249,1012.5429126984131
2020-01-01,1250,0.3816888888888891
2020-02-01,1250,0.3816888888888891
2020-01-01,1251,1594.31049691358
2020-02-01,1251,1631.6736080246915
2020-01-01,1252,638.7676851851852
2020-02-01,1252,633.8952777777778
2020-01-01,1253,800.7005308641978
2020-02-01,1253,815.2669614197533
2020-01-01,1254,751.889351851852
2020-02-01,1254,747.0169444444444
2020-01-01,1255,354.32688117283965
2020-02-01,1255,354.5458302469137
2020-01-01,1256,105.08262222222221
2020-02-01,1256,131.79201111111115
2020-01-01,1257,335.21712500000007
2020-02-01,1257,335.4360740740741
2020-01-01,1258,931.0013657407405
2020-02-01,1258,931.6287268518516
2020-01-01,1259,474.4999074074074
2020-02-01,1259,474.4999074074074
2020-01-01,1260,40.22603086419752
2020-02-01,1260,68.97742129629627
2020-01-01,1261,352.6297950617284
2020-02-01,1261,352.6297950617284
2020-01-01,1262,55.620214506172836
2020-02-01,1262,85.02765123456788
2020-01-01,1263,174.3883209876544
2020-02-01,1263,174.3883209876544
2020-01-01,1264,873.9914603174603
2020-02-01,1264,873.9914603174603
2020-01-01,1265,2322.0695925925925
2020-02-01,1265,2322.0695925925925
2020-01-01,1266,1343.1038055555553
2020-02-01,1266,1343.1038055555553
2020-01-01,1267,341.2403302469136
2020-02-01,1267,341.2403302469136
2020-01-01,1268,232.25146388888885
2020-02-01,1268,232.25146388888885
2020-01-01,1269,827.2511975308645
2020-02-01,1269,827.2511975308645
2020-01-01,1270,589.644512037037
2020-02-01,1270,589.644512037037
2020-01-01,1271,763.3121030864194
2020-02-01,1271,763.3121030864194
2020-01-01,1272,2094.842573444191
2020-02-01,1272,2094.842573444191
2020-01-01,1273,223.2685714285715
2020-02-01,1273,223.2685714285715
2020-01-01,1274,3958.0092037037016
2020-02-01,1274,3958.0092037037016
2020-01-01,1275,626.2636413580248
2020-02-01,1275,628.3867308641976
2020-01-01,1276,249.06930555555553
2020-02-01,1276,249.06930555555553
2020-01-01,1277,1330.128739506173
2020-02-01,1277,1330.128739506173
2020-01-01,1278,683.7251049382716
2020-02-01,1278,687.0995401234569
2020-01-01,1279,95.33669444444443
2020-01-01,1280,1402.3186172839512
2020-02-01,1280,1402.3186172839512
2020-01-01,1281,169.26854082892416
2020-02-01,1281,169.26854082892416
2020-01-01,1282,247.83907495590827
2020-02-01,1282,247.83907495590827
2020-01-01,1283,70.63729012345682
2020-02-01,1283,70.63729012345682
2020-01-01,1284,210.95833752204578
2020-02-01,1284,210.95833752204578
2020-01-01,1285,921.1390088183423
2020-02-01,1285,968.6228236331572
2020-01-01,1286,750.5430527777778
2020-02-01,1286,760.5123552469137
2020-01-01,1287,219.44138042328044
2020-02-01,1287,318.09126190476167
2020-01-01,1288,2261.5989055555547
2020-02-01,1288,2236.071083333333
2020-01-01,1289,3562.1664166666665
2020-02-01,1289,3562.1664166666665
2020-01-01,1290,1020.4228035714281
2020-02-01,1290,860.6729074074069
2020-01-01,1291,6210.036811243387
2020-02-01,1291,6203.0740949735455
2020-01-01,1292,3092.6729370370376
2020-02-01,1292,3092.6729370370376
2020-01-01,1293,472.81466666666637
2020-02-01,1293,472.81466666666637
2020-01-01,1294,1826.6209382716042
2020-02-01,1294,1826.6209382716042
2020-01-01,1295,598.0271527777779
2020-02-01,1295,658.3356990740742
2020-01-01,1296,745.9777345679013
2020-02-01,1296,745.9777345679013
2020-01-01,1297,3068.3292160493834
2020-02-01,1297,3068.3292160493834
2020-01-01,1298,3594.739225749558
2020-02-01,1298,3655.0477720458543
2020-01-01,1299,196.472
2020-01-01,1300,966.7591203703705
2020-02-01,1300,966.7591203703705
2020-01-01,1301,977.1563888888892
2020-02-01,1301,1024.82462962963
2020-01-01,1302,117.71272442680781
2020-02-01,1302,117.71272442680781
2020-01-01,1303,1626.7615679012342
2020-02-01,1303,1689.2307530864193
2020-01-01,1304,203.83694814814808
2020-02-01,1304,232.91172592592585
2020-01-01,1305,286.5763981481483
2020-02-01,1305,289.43154629629646
2020-01-01,1306,42.589780864197536
2020-01-01,1307,216.78721234567905
2020-02-01,1307,216.78721234567905
2020-01-01,1308,72.65045061728394
2020-02-01,1308,71.53645679012344
2020-01-01,1309,207.36090679012347
2020-02-01,1309,207.36090679012347
2020-01-01,1310,183.29923280423282
2020-02-01,1310,183.29923280423282
2020-01-01,1311,968.2776301587298
2020-02-01,1311,968.2776301587298
2020-01-01,1312,96.82200017636681
2020-02-01,1312,96.82200017636681
2020-01-01,1313,1023.8575798059969
2020-02-01,1313,1023.8575798059969
2020-01-01,1314,300.91464338624337
2020-02-01,1314,307.0309
2020-01-01,1315,205.71432716049392
2020-02-01,1315,205.71432716049392
2020-01-01,1316,246.39219753086414
2020-02-01,1316,246.39219753086414
2020-01-01,1317,1813.3355012345678
2020-02-01,1317,1813.3355012345678
2020-01-01,1318,1586.4811308641968
2020-02-01,1318,1586.4811308641968
2020-01-01,1320,229.38048765432097
2020-02-01,1320,229.38048765432097
2020-01-01,1321,322.6270524691358
2020-02-01,1321,332.51841049382716
2020-01-01,1322,307.44013703703706
2020-02-01,1322,307.44013703703706
2020-01-01,1323,1016.3496546296295
2020-02-01,1323,1016.3496546296295
2020-01-01,1324,1106.722073148148
2020-02-01,1324,1106.722073148148
2020-01-01,1325,231.87516358024695
2020-02-01,1325,235.79012654320996
2020-01-01,1326,2166.637455202822
2020-02-01,1326,2166.637455202822
2020-01-01,1327,770.8638088624338
2020-02-01,1327,770.8638088624338
2020-01-01,1328,146.17692592592599
2020-02-01,1328,146.17692592592599
2020-01-01,1329,1060.3277345679014
2020-02-01,1329,1084.1802195767198
2020-01-01,1330,845.5335407407408
2020-02-01,1330,847.7066950617285
2020-01-01,1331,239.4955141093475
2020-01-01,1332,1209.7300555555557
2020-02-01,1332,1209.7300555555557
2020-01-01,1333,153.7602446208113
2020-02-01,1333,176.02526843033513
2020-01-01,1334,620.0990777777777
2020-02-01,1334,622.8923846560846
2020-01-01,1335,73.0432160493827
2020-02-01,1335,99.0909832451499
2020-01-01,1336,445.96070154321
2020-02-01,1336,445.96070154321
2020-01-01,1338,1201.0971759259257
2020-02-01,1338,1256.9163549382713
2020-01-01,1339,1007.2884135802467
2020-02-01,1339,1077.9767268518517
2020-01-01,1340,354.2925722222221
2020-02-01,1340,357.9748240740739
2020-01-01,1341,1312.1775925925924
2020-02-01,1341,1279.5002592592589
2020-01-01,1342,3160.8073395061733
2020-02-01,1342,3160.8073395061733
2020-01-01,1343,1427.0839720017632
2020-02-01,1343,1253.0793350970014
2020-01-01,1344,6528.227309082892
2020-02-01,1344,6452.530304453262
2020-01-01,1345,5777.586768518519
2020-02-01,1345,5777.586768518519
2020-01-01,1346,196.77495679012347
2020-02-01,1346,196.77495679012347
2020-01-01,1347,339.8127870370369
2020-02-01,1347,339.8127870370369
2020-01-01,1348,1586.0895370370372
2020-02-01,1348,1586.0895370370372
2020-01-01,1349,611.8931851851851
2020-02-01,1349,611.8931851851851
2020-01-01,1350,2978.373111111111
2020-02-01,1350,2978.373111111111
2020-01-01,1351,4595.945867283952
2020-02-01,1351,4595.945867283952
2020-01-01,1352,215.73998306878312
2020-02-01,1352,215.73998306878312
2020-01-01,1353,960.8003608906524
2020-02-01,1353,960.8003608906524
2020-01-01,1354,1453.5711272045855
2020-02-01,1354,1453.5711272045855
2020-01-01,1355,986.6675490740738
2020-02-01,1355,985.0499688271601
2020-01-01,1356,1085.0492450617282
2020-02-01,1356,1067.9854950617284
2020-01-01,1357,1100.4676543209878
2020-02-01,1357,1097.44087962963
2020-01-01,1358,263.76968672839513
2020-02-01,1358,263.76968672839513
2020-01-01,1359,1080.3414129629632
2020-02-01,1359,1083.2437447530867
2020-01-01,1360,264.9089737654321
2020-02-01,1360,264.9089737654321
2020-01-01,1361,101.19266049382716
2020-02-01,1361,107.8159938271605
2020-01-01,1362,57.41874537037036
2020-02-01,1362,86.03735648148147
2020-01-01,1363,260.2628756613756
2020-02-01,1363,268.7236331569664
2020-01-01,1364,48.64109722222223
2020-02-01,1364,77.25970833333336
2020-01-01,1365,146.90675000000002
2020-02-01,1365,160.77385405643741
2020-01-01,1366,865.7151148148148
2020-02-01,1366,852.4943462962963
2020-01-01,1367,977.091724382716
2020-02-01,1367,977.091724382716
2020-01-01,1368,1574.6889444444453
2020-02-01,1368,1549.925120370371
2020-01-01,1370,6526.074374074075
2020-02-01,1370,6526.074374074075
2020-01-01,1371,1314.8312530864196
2020-02-01,1371,1314.8312530864196
2020-01-01,1372,234.41435956790124
2020-01-01,1373,166.58187654320992
2020-02-01,1373,180.38035185185188
2020-01-01,1374,393.52392376543196
2020-02-01,1374,402.711534876543
2020-01-01,1375,99.9080246913581
2020-02-01,1375,115.652425925926
2020-01-01,1376,523.0152222222223
2020-02-01,1376,523.0152222222223
2020-01-01,1377,50.53005246913579
2020-02-01,1377,44.069941358024685
2020-01-01,1379,3838.6152999999986
2020-02-01,1379,3838.6152999999986
2020-01-01,1380,248.9943749999999
2020-02-01,1380,242.5342638888888
2020-01-01,1382,2953.998055555555
2020-02-01,1382,2953.998055555555
2020-01-01,1383,262.85027160493837
2020-02-01,1383,262.85027160493837
2020-01-01,1385,139.00124691358022
2020-02-01,1385,139.00124691358022
2020-01-01,1386,416.3584913580246
2020-02-01,1386,416.3584913580246
2020-01-01,1387,1045.8047119929456
2020-02-01,1387,1045.8047119929456
2020-01-01,1388,41.264012345679006
2020-02-01,1388,41.264012345679006
2020-01-01,1389,582.593330026455
2020-02-01,1389,582.593330026455
2020-01-01,1391,3689.297174074075
2020-02-01,1391,3585.2620419753093
2020-01-01,1392,1541.1388611111108
2020-02-01,1392,1468.4221512345675
2020-01-01,1394,1396.2032037037034
2020-02-01,1394,1421.6761851851847
2020-01-01,1395,341.57099228395094
2020-02-01,1395,341.57099228395094
2020-01-01,1396,1518.5845194003518
2020-02-01,1396,1571.2303791887118
2020-01-01,1397,4401.495642195768
2020-02-01,1397,4395.299927910053
2020-01-01,1398,2684.1351074074087
2020-02-01,1398,2684.1351074074087
2020-01-01,1400,1088.3811469135808
2020-02-01,1400,1088.3811469135808
2020-01-01,1401,788.6310925925924
2020-02-01,1401,788.6310925925924
2020-01-01,1403,3244.683228395063
2020-02-01,1403,3244.683228395063
2020-01-01,1404,1269.553378703704
2020-02-01,1404,1269.553378703704
2020-01-01,1405,1436.6038506172836
2020-02-01,1405,1436.6038506172836
2020-01-01,1406,1674.2819225308644
2020-02-01,1406,1674.2819225308644
2020-02-01,1409,33.20723333333334
2020-01-01,1411,13.666700617283947
2020-02-01,1411,13.259441358024686
2020-02-01,1422,34.520574074074084
2020-01-01,1423,87.79452380952378
2020-01-01,1424,56.69829523809524
2020-01-01,1425,460.3053456790124
2020-02-01,1425,460.3053456790124
2020-01-01,1433,19.990305555555558
2020-02-01,1433,20.714456790123453
2020-01-01,1439,22.400712962962974
2020-01-01,1441,19.444682098765437
2020-02-01,1441,19.681938271604942
2020-01-01,1445,61.82909166666665
2020-02-01,1445,63.17569660493826
2020-02-01,1449,12.333796296296294
2020-01-01,1452,23.079817283950607
2020-02-01,1452,23.20864726631392
2020-02-01,1455,71.65343342151674
2020-01-01,1458,40.33918981481482
2020-02-01,1458,43.304011684303354
2020-01-01,1459,776.5648262786594
2020-01-01,1460,76.10563492063491
2020-02-01,1460,85.58883994708995
2020-01-01,1461,2.890759259259259
2020-02-01,1461,5.986755291005292
2020-01-01,1462,346.0184069664902
2020-02-01,1462,350.7333064373897
2020-02-01,1463,49.608527601410955
2020-01-01,1465,73.42688734567902
2020-01-01,1467,40.82697993827161
2020-02-01,1467,48.046684964726644
2020-02-01,1468,43.18505934744268
2020-01-01,1469,116.19303641975308
2020-02-01,1469,123.41274144620812
2020-02-01,1470,44.31188827160494
2020-01-01,1471,447.7109493827159
2020-01-01,1472,63.05750925925924
2020-02-01,1472,63.82150925925924
2020-01-01,1476,6222.295964726633
2020-02-01,1476,6222.295964726633
2020-01-01,1477,2604.3351054673712
2020-02-01,1477,2604.3351054673712
2020-01-01,1478,1798.9197169312167
2020-02-01,1478,1775.832965608465
2020-01-01,1479,34.178649691358025
2020-02-01,1480,48.918357363315685
2020-01-01,1481,9.866578395061726
2020-02-01,1481,19.888740388007047
2020-01-01,1483,71.5647962962963
2020-02-01,1483,80.63746340388008
2020-01-01,1485,1473.9732006172837
2020-02-01,1485,1490.8251388888887
2020-01-01,1486,757.7754197530867
2020-02-01,1486,796.9951851851855
2020-01-01,1488,2138.18527654321
2020-02-01,1488,2166.2372148148156
2020-01-01,1489,265.71488051146383
2020-02-01,1489,302.8129118165784
2020-02-01,1490,223.23695943562603
2020-02-01,1492,206.93789947089942
2020-01-01,1493,111.88749691358022
2020-02-01,1493,120.53983888888887
2020-01-01,1495,32.97371031746032
2020-02-01,1495,41.81485211640214
2020-01-01,1498,181.70152821869482
2020-02-01,1498,183.78104982363308
2020-01-01,1499,260.33090388007065
2020-02-01,1499,265.66968783068796
2020-01-01,1500,469.1705092592593
2020-02-01,1500,459.0415833333334
2020-01-01,1501,142.37523871252196
2020-02-01,1501,132.24631278659606
2020-01-01,1502,157.78900590828923
2020-02-01,1502,153.68762495590826
2020-01-01,1503,1608.0127795414458
2020-02-01,1503,1608.0127795414458
2020-01-01,1504,547.5608755731921
2020-02-01,1504,552.2558808641974
2020-01-01,1505,115.85906093474422
2020-02-01,1505,113.9389498236331
2020-01-01,1506,375.8550185185184
2020-02-01,1506,381.4407275132274
2020-01-01,1507,197.12337129629626
2020-02-01,1507,205.51636732804226
2020-01-01,1508,34.28627160493829
2020-02-01,1508,34.28627160493829
2020-01-01,1509,1236.8769654320988
2020-02-01,1509,1236.8769654320988
2020-01-01,1510,422.15605753968254
2020-02-01,1510,422.15605753968254
2020-01-01,1512,636.1690145502647
2020-02-01,1512,631.9841362433864
2020-01-01,1513,592.0891779100529
2020-02-01,1513,588.6981964285714
2020-01-01,1514,46.22911111111112
2020-02-01,1514,46.22911111111112
2020-01-01,1564,112.85000520282186
2020-01-01,1567,114.18070493827155
2020-01-01,1569,120.41698447971775
2020-01-01,1575,265.33435837742496
2020-01-01,1577,229.90032266313926
2020-01-01,1585,69.69635537918867
2020-02-01,1585,69.69635537918867
2020-01-01,1586,590.8247870370368
2020-02-01,1586,590.8247870370368
2020-01-01,1587,100.82998888888892
2020-02-01,1587,100.82998888888892
2020-01-01,1588,164.3753148148148
2020-02-01,1588,166.8872691798942
2020-01-01,1589,53.83299382716051
2020-01-01,1590,140.00096234567897
2020-02-01,1590,135.66088492063489
2020-01-01,1591,37.98779938271606
2020-02-01,1591,36.24948148148149
2020-01-01,1592,85.88229413580244
2020-02-01,1592,86.6459398148148
2020-01-01,1593,93.4994987654321
2020-02-01,1593,94.26930432098766
2020-01-01,1594,334.7341148148147
2020-02-01,1594,343.5778546737213
2020-01-01,1595,29.432954320987655
2020-02-01,1595,29.548375308641972
2020-01-01,1596,478.83603350970026
2020-02-01,1596,481.8584691358026
2020-01-01,1597,28.771312345679014
2020-02-01,1597,28.42010370370371
2020-01-01,1598,176.88576543209876
2020-02-01,1598,176.88576543209876
2020-01-01,1599,181.65759453262794
2020-02-01,1599,205.77259453262792
2020-01-01,1600,789.1560728395066
2020-02-01,1600,799.3140728395064
2020-01-01,1601,993.0315950176368
2020-02-01,1601,982.6775427689596
2020-01-01,1602,88.35614488536156
2020-02-01,1602,94.06635123456792
2020-01-01,1603,198.89977530864198
2020-02-01,1603,204.63821225749558
2020-01-01,1604,246.22204629629624
2020-02-01,1604,242.89315895061722
2020-01-01,1605,422.6991277777778
2020-02-01,1605,419.1102712962963
2020-01-01,1606,337.4512585978837
2020-02-01,1606,333.8624021164022
2020-01-01,1607,146.52019753086418
2020-02-01,1607,155.68030952380954
2020-01-01,1608,970.5907089947092
2020-02-01,1608,970.5907089947092
2020-01-01,1609,649.7048487654323
2020-02-01,1609,649.7048487654323
2020-01-01,1611,568.5338827160496
2020-02-01,1611,582.6461265432099
2020-01-01,1612,498.6297579365081
2020-02-01,1612,503.67373677248696
2020-01-01,1613,353.94812857142847
2020-02-01,1613,358.99210740740733
2020-01-01,1614,137.74865432098764
2020-02-01,1614,137.74865432098764
2020-01-01,1615,365.6468995149911
2020-02-01,1615,365.6468995149911
2020-01-01,1616,13.321203703703702
2020-02-01,1616,14.68685185185185
2020-01-01,1617,229.98403487654318
2020-02-01,1617,229.98403487654318
2020-01-01,1618,387.3655030864196
2020-02-01,1618,387.3655030864196
2020-01-01,1619,331.545331569665
2020-02-01,1619,331.545331569665
2020-01-01,1621,619.4622839506172
2020-02-01,1621,614.2811278659613
2020-01-01,1622,1203.5479109347439
2020-02-01,1622,1203.5479109347439
2020-01-01,1623,34.8395986111111
2020-02-01,1623,34.8395986111111
2020-01-01,1624,194.1636378968254
2020-02-01,1624,194.1636378968254
2020-01-01,1625,2422.335366843034
2020-02-01,1625,2422.335366843034
2020-01-01,1626,71.90898024691359
2020-02-01,1626,72.82784444444445
2020-01-01,1627,698.7105864197531
2020-02-01,1627,698.7105864197531
2020-01-01,1628,225.30201481481475
2020-01-01,1629,624.1546296296295
2020-02-01,1629,624.1546296296295
2020-01-01,1630,811.8875765432101
2020-02-01,1630,814.7899006172843
2020-01-01,1631,199.93356296296298
2020-02-01,1631,201.21363703703705
2020-01-01,1632,874.1842771604935
2020-02-01,1632,875.9577098765428
2020-01-01,1633,14.799592592592596
2020-02-01,1633,14.799592592592596
2020-01-01,1634,362.6189222222221
2020-02-01,1634,362.6189222222221
2020-01-01,1635,105.61571728395066
2020-02-01,1635,105.61571728395066
2020-01-01,1636,137.26989814814814
2020-02-01,1636,138.07546697530867
2020-01-01,1637,21.57413007054674
2020-01-01,1638,138.1663037037037
2020-02-01,1638,136.6523475308642
2020-01-01,1639,19.743122663139335
2020-02-01,1639,19.743122663139335
2020-01-01,1640,38.76022098765431
2020-02-01,1640,38.76022098765431
2020-01-01,1641,75.71379012345677
2020-02-01,1641,76.92060493827161
2020-01-01,1642,281.2763608465609
2020-02-01,1642,290.12010070546745
2020-01-01,1643,36.25027160493828
2020-02-01,1643,37.42411111111112
2020-01-01,1644,430.1533990299824
2020-02-01,1644,433.1758346560847
2020-02-01,1645,42.63353086419752
2020-01-01,1646,157.38803395061726
2020-02-01,1646,157.38803395061726
2020-02-01,1647,145.403
2020-01-01,1648,736.3401388888891
2020-02-01,1648,725.52125
2020-01-01,1649,889.9783225308639
2020-02-01,1649,893.4034290123454
2020-01-01,1650,103.47465414462084
2020-02-01,1650,103.47465414462084
2020-01-01,1651,193.47871604938274
2020-02-01,1651,195.7960864197531
2020-01-01,1652,188.85245061728386
2020-02-01,1652,188.19233950617274
2020-01-01,1653,267.0033657848324
2020-02-01,1653,275.37453641975304
2020-01-01,1654,288.1242406651549
2020-02-01,1654,288.8954020408163
2020-01-01,1655,136.62571296296292
2020-02-01,1655,144.22572222222215
2020-01-01,1656,966.5887103174606
2020-02-01,1656,966.5887103174606
2020-01-01,1657,399.20700749559086
2020-02-01,1657,401.85214373897713
2020-01-01,1659,243.67418893298063
2020-02-01,1659,251.11204387125224
2020-01-01,1660,305.590684920635
2020-02-01,1660,308.2358211640212
2020-01-01,1661,357.7849761904762
2020-02-01,1661,360.43011243386246
2020-01-01,1662,85.57594356261022
2020-02-01,1662,85.57594356261022
2020-01-01,1663,211.87924228395062
2020-02-01,1663,211.87924228395062
2020-01-01,1664,3.761851851851853
2020-02-01,1664,5.1275
2020-01-01,1665,230.6231992945327
2020-02-01,1665,230.6231992945327
2020-01-01,1666,304.70707451499123
2020-02-01,1666,304.70707451499123
2020-01-01,1667,233.9842764550265
2020-02-01,1667,233.9842764550265
2020-01-01,1669,443.7029387125219
2020-02-01,1669,438.52178262786583
2020-01-01,1670,1122.8273024691357
2020-02-01,1670,1122.8273024691357
2020-01-01,1671,38.79726419753087
2020-02-01,1671,39.71612839506174
2020-01-01,1672,178.13544938271608
2020-02-01,1672,178.13544938271608
2020-01-01,1673,2068.2429111552024
2020-02-01,1673,2068.2429111552024
2020-01-01,1674,144.05181234567908
2020-02-01,1674,144.05181234567908
2020-01-01,1675,708.6903888888891
2020-02-01,1675,708.6903888888891
2020-01-01,1676,297.8122623456789
2020-01-01,1677,443.5219537037038
2020-02-01,1677,447.65539814814827
2020-01-01,1678,889.888604938272
2020-02-01,1678,889.7578086419755
2020-01-01,1679,140.48393456790123
2020-02-01,1679,141.76400864197527
2020-01-01,1680,839.6788066578483
2020-02-01,1680,834.1197017195767
2020-01-01,1681,87.32500000000003
2020-02-01,1681,87.32500000000003
2020-01-01,1682,373.6198809523808
2020-02-01,1682,373.6198809523808
2020-01-01,1683,3257.7989629629637
2020-02-01,1683,3257.7989629629637
2020-01-01,1684,76.25923465608464
2020-02-01,1684,85.3155005291005
2020-01-01,1685,655.0960493827159
2020-02-01,1685,649.6640956790122
2020-01-01,1686,238.3979140211641
2020-02-01,1686,247.45417989417996
2020-01-01,1687,449.12083641975283
2020-02-01,1687,456.74768518518493
2020-01-01,1688,52.766873412698416
2020-02-01,1688,52.34454007936509
2020-01-01,1689,228.6461033950618
2020-02-01,1689,225.9879521604939
2020-01-01,1690,131.63093333333333
2020-02-01,1690,125.85548888888889
2020-01-01,1691,403.65468518518503
2020-02-01,1691,399.94170987654303
2020-01-01,1692,42.33809722222221
2020-02-01,1692,40.39789814814814
2020-01-01,1693,43.07214197530864
2020-02-01,1693,44.33705401234567
2020-01-01,1694,519.6457422839504
2020-02-01,1694,518.2795540123454
2020-01-01,1695,259.50462962962973
2020-02-01,1695,259.50462962962973
2020-01-01,1696,326.13999999999993
2020-02-01,1696,326.13999999999993
2020-01-01,1697,3038.623306878306
2020-02-01,1697,3041.7257804232795
2020-01-01,1698,2156.4423809523814
2020-02-01,1698,2186.600407407408
2020-01-01,1699,2057.5337037037043
2020-02-01,1699,2057.5337037037043
2020-01-01,1700,253.4012901234567
2020-02-01,1700,271.51810890652547
2020-01-01,1701,276.0666984126983
2020-02-01,1701,276.0666984126983
2020-01-01,1702,777.4787675264547
2020-02-01,1702,779.2013806216929
2020-01-01,1703,905.9796870370371
2020-02-01,1703,905.9796870370371
2020-01-01,1704,724.1211372354499
2020-02-01,1704,724.1330300925928
2020-01-01,1705,2991.315953703704
2020-02-01,1705,2991.315953703704
2020-01-01,1706,608.8127074074075
2020-02-01,1706,680.7389342592594
2020-01-01,1707,2950.1228865740745
2020-02-01,1707,3022.0491134259264
2020-01-01,1708,1378.1351305114645
2020-02-01,1708,1378.1351305114645
2020-01-01,1709,640.9409133597879
2020-02-01,1709,697.7310621693118
2020-01-01,1710,832.9346408068785
2020-02-01,1710,887.1548097883601
2020-01-01,1711,746.177191358025
2020-02-01,1711,746.177191358025
2020-01-01,1712,1525.113086419754
2020-02-01,1712,1525.113086419754
2020-01-01,1713,240.62381095679024
2020-02-01,1713,320.56626929012356
2020-01-01,1714,638.7253888888887
2020-02-01,1714,644.3610555555555
2020-01-01,1715,22.632018518518517
2020-02-01,1715,111.11548611111105
2020-01-01,1716,599.8830555555554
2020-02-01,1716,599.3327777777776
2020-01-01,1718,953.8959695767196
2020-02-01,1718,1010.71353505291
2020-01-01,1719,1538.4292824074078
2020-02-01,1719,1272.3608564814815
2020-01-01,1720,551.5698967372133
2020-02-01,1720,619.4589198853614
2020-01-01,1721,2379.14512345679
2020-02-01,1721,2381.7341466049384
2020-01-01,1722,7723.749305555553
2020-02-01,1722,7739.937314814813
2020-01-01,1723,459.8269259259258
2020-02-01,1723,474.72674074074064
2020-01-01,1724,944.3033148148149
2020-02-01,1724,922.5917407407408
2020-01-01,1725,13441.54682098765
2020-02-01,1725,13625.986543209872
2020-01-01,1726,271.3989061728395
2020-02-01,1726,274.6745358024691
2020-01-01,1727,378.2851530864198
2020-02-01,1727,381.44944938271607
2020-01-01,1728,2241.4681490299827
2020-02-01,1728,2241.4681490299827
2020-01-01,1729,1694.154777777777
2020-02-01,1729,1695.709875661375
2020-01-01,1730,1929.3480899470892
2020-02-01,1730,1921.6694021164012
2020-01-01,1731,3741.4663611111123
2020-02-01,1731,3741.4663611111123
2020-01-01,1732,223.29587716049383
2020-02-01,1732,226.94173827160492
2020-01-01,1733,356.6112814814813
2020-02-01,1733,360.25714259259246
2020-01-01,1734,2044.573368209877
2020-02-01,1734,2044.573368209877
2020-01-01,1735,174.93597619047617
2020-02-01,1735,185.13143544973542
2020-01-01,1736,45.93985802469137
2020-02-01,1736,53.64381728395063
2020-01-01,1737,180.00865740740744
2020-02-01,1737,181.71222777777783
2020-02-01,1738,12.651521913580247
2020-01-01,1739,12.288680555555556
2020-02-01,1739,11.988336419753088
2020-01-01,1740,23.025622530864197
2020-01-01,1741,11.573811728395068
2020-02-01,1741,11.411518518518525
2020-01-01,1743,17.339299382716057
2020-02-01,1743,16.62143827160494
2020-01-01,1744,59.98063271604938
2020-02-01,1744,56.285614197530855
2020-01-01,1746,5.196762345679013
2020-02-01,1746,6.5569043209876545
2020-02-01,1747,12.67812037037037
2020-01-01,1749,603.7683209876542
2020-02-01,1749,603.7683209876542
2020-01-01,1750,104.32543981481477
2020-02-01,1750,109.14450925925922
2020-01-01,1751,143.27843981481476
2020-02-01,1751,148.09750925925923
2020-01-01,1753,10.43502777777778
2020-02-01,1753,10.408274691358026
2020-01-01,1754,16.130203703703703
2020-01-01,1755,12.208435185185186
2020-02-01,1755,12.181682098765432
2020-01-01,1757,10.386916666666671
2020-02-01,1757,10.360163580246917
2020-02-01,1758,91.20437389770723
2020-02-01,1759,62.70219797178131
2020-01-01,1763,8.614629453262786
2020-02-01,1763,8.660074779541446
2020-01-01,1764,6.485444444444445
2020-02-01,1764,6.530889770723105
2020-01-01,1765,6.337462081128748
2020-02-01,1765,6.2815211640211635
2020-01-01,1767,8.188631393298063
2020-02-01,1767,8.13269047619048
2020-01-01,1768,37.754472222222226
2020-02-01,1768,38.17493518518519
2020-01-01,1769,35.12051388888889
2020-02-01,1769,35.12051388888889
2020-01-01,1770,24.112083333333324
2020-02-01,1772,7.196623456790122
2020-01-01,1773,123.00189241622572
2020-01-01,1774,88.857651675485
2020-01-01,1775,61.05466111111112
2020-02-01,1775,61.05466111111112
2020-01-01,1776,20.00616997354497
2020-02-01,1776,20.00616997354497
2020-01-01,1777,63.25530643738976
2020-02-01,1777,64.41228439153439
2020-02-01,1778,97.1803466868229
2020-02-01,1779,44.21449823633157
2020-01-01,1780,19.290093827160494
2020-02-01,1780,20.361485802469137
2020-01-01,1781,48.78685802469138
2020-02-01,1781,48.78685802469138
2020-02-01,1782,49.09952469135805
2020-01-01,1783,38.92947530864196
2020-02-01,1783,40.000867283950605
2020-01-01,1787,2.3196825396825393
2020-02-01,1787,2.7056111111111107
2020-01-01,1794,0.14950661375661378
2020-01-01,1799,0.1583955026455027
2020-01-01,1801,0.07521296296296297
2020-01-01,1806,6.065260141093474
2020-01-01,1807,1.2119212962962964
2020-02-01,1807,1.3023148148148145
2020-02-01,1808,2.9923302469135815
2020-02-01,1810,14.567369488536157
2020-02-01,1811,3.7564506172839525
2020-02-01,1814,3.841479497354497
2020-01-01,1815,0.22679012345679023
2020-02-01,1815,0.40561882716049363
2020-01-01,1816,0.29148148148148156
2020-01-01,1818,0.12212962962962967
2020-02-01,1818,0.27090432098765427
2020-01-01,1822,0.03342592592592593
2020-01-01,1825,0.0017592592592592592
2020-02-01,1825,0.2362191358024691
2020-02-01,1827,0.32103395061728385
2020-02-01,1829,1.3823842592592588
2020-02-01,1831,2.469506172839506
2020-02-01,1835,26.286774691358023
2020-01-01,1836,322.45103835978836
2020-02-01,1836,322.45103835978836
2020-01-01,1837,984.3061322751321
2020-02-01,1837,984.3061322751321
2020-01-01,1838,5440.680061728394
2020-02-01,1838,5440.680061728394
2020-01-01,1840,212.3885740740742
2020-02-01,1840,212.3885740740742
2020-01-01,1841,1244.4111111111115
2020-02-01,1841,1244.4111111111115
2020-01-01,1842,233.33774814814805
2020-02-01,1842,233.33774814814805
2020-01-01,1843,1202.7159259259258
2020-02-01,1843,1202.7159259259258
2020-01-01,1844,4299.443704144622
2020-02-01,1844,4299.443704144622
2020-01-01,1845,105.7435561728395
2020-02-01,1845,111.98991437389769
2020-01-01,1846,264.6346009700178
2020-02-01,1846,264.6346009700178
2020-01-01,1847,290.2660522045855
2020-02-01,1847,296.5124104056437
2020-01-01,1848,529.8302046737213
2020-02-01,1848,529.8302046737213
2020-01-01,1849,33.20348302469135
2020-02-01,1849,33.39788580246913
2020-01-01,1850,61.9289783950617
2020-02-01,1850,62.12338117283947
2020-01-01,1851,1096.5103765432095
2020-02-01,1851,1096.5103765432095
2020-01-01,1852,1036.4646203703703
2020-02-01,1852,1036.4646203703703
2020-01-01,1853,1121.8481018518519
2020-02-01,1853,1121.8481018518519
2020-01-01,1854,8773.035696296294
2020-02-01,1854,8774.862103703701
2020-01-01,1855,10209.553259259254
2020-02-01,1855,10189.532074074068
2020-01-01,1856,16890.060594135797
2020-02-01,1856,16890.060594135797
2020-01-01,1857,249.75639629629626
2020-02-01,1857,244.3206185185185
2020-01-01,1858,305.2429861111112
2020-02-01,1858,304.1162712962963
2020-01-01,1859,97.31180864197535
2020-02-01,1859,91.87603086419755
2020-01-01,1860,254.99880802469139
2020-02-01,1860,253.87209320987662
2020-01-01,1861,168.25412500000004
2020-02-01,1861,162.81834722222226
2020-01-01,1862,342.5000216049383
2020-02-01,1862,340.9560598765432
2020-01-01,1863,1094.7458888888889
2020-02-01,1863,1057.7138055555556
2020-01-01,1864,1502.332756944445
2020-02-01,1864,1480.2948402777781
2020-01-01,1865,1045.2294444444449
2020-02-01,1865,1073.08312962963
2020-01-01,1866,1119.3010416666668
2020-02-01,1866,1119.3010416666668
2020-01-01,1867,1183.036574074074
2020-02-01,1867,1183.036574074074
2020-01-01,1868,1931.5718070987648
2020-02-01,1868,1959.42549228395
2020-01-01,1869,74.52056296296297
2020-02-01,1869,74.52056296296297
2020-01-01,1870,1048.6009104938269
2020-02-01,1870,1076.454595679012
2020-01-01,1871,204.76894814814824
2020-02-01,1871,204.76894814814824
2020-01-01,1872,398.7168240740741
2020-02-01,1872,483.2455092592593
2020-01-01,1873,0.0
2020-02-01,1873,0.0
2020-01-01,1874,1400.4318518518521
2020-02-01,1874,1445.5415092592593
2020-01-01,1876,15007.835283950617
2020-02-01,1876,15007.835283950617
2020-01-01,1877,8133.550240299821
2020-02-01,1877,8133.550240299821
2020-01-01,1878,258.2940024691357
2020-02-01,1878,258.2940024691357
2020-01-01,1879,382.3398688271604
2020-02-01,1879,384.1611882716049
2020-01-01,1880,479.7640839947091
2020-02-01,1880,481.58540343915354
2020-01-01,1881,986.674021604938
2020-02-01,1881,986.674021604938
2020-01-01,1882,7888.934431481481
2020-02-01,1882,7888.934431481481
2020-01-01,1883,8449.3775
2020-02-01,1883,8449.3775
2020-01-01,1884,242.1751975308642
2020-02-01,1884,242.1751975308642
2020-01-01,1885,474.68600925925904
2020-02-01,1885,474.68600925925904
2020-01-01,1886,2409.471388888889
2020-02-01,1886,2409.471388888889
2020-01-01,1887,1221.4876388888893
2020-02-01,1887,1221.4876388888893
2020-01-01,1888,1330.2795888888884
2020-02-01,1888,1330.2795888888884
2020-01-01,1889,1837.15270026455
2020-02-01,1889,1837.15270026455
2020-01-01,1890,173.1948906525573
2020-02-01,1890,173.1948906525573
2020-01-01,1891,560.4719113756614
2020-02-01,1891,560.4719113756614
2020-01-01,1892,6865.55472067901
2020-02-01,1892,6865.55472067901
2020-01-01,1894,860.3285055555556
2020-02-01,1894,892.308987037037
2020-01-01,1895,1708.00638271605
2020-02-01,1895,1738.2045308641982
2020-01-01,1897,165.6809647707231
2020-02-01,1897,165.6809647707231
2020-01-01,1898,122.54397354497357
2020-02-01,1898,122.54397354497357
2020-01-01,1900,494.8328765432098
2020-02-01,1900,523.1889259259259
2020-01-01,1901,996.5503703703705
2020-02-01,1901,1024.9064197530865
2020-01-01,1902,19.303508465608463
2020-02-01,1902,20.31007724867725
2020-01-01,1903,15.43290013227513
2020-02-01,1903,16.439468915343912
2020-01-01,1904,279.41502932098757
2020-02-01,1904,281.906348765432
2020-01-01,1905,323.1709336419753
2020-02-01,1905,325.6622530864198
2020-01-01,1907,75.91722222222218
2020-02-01,1907,75.91722222222218
2020-01-01,1908,179.1223657407407
2020-02-01,1908,177.36508796296292
2020-01-01,1909,140.01183333333339
2020-02-01,1909,137.77061111111118
2020-01-01,1910,109.29545555555555
2020-02-01,1910,110.52823333333335
2020-01-01,1911,4256.158462962962
2020-02-01,1911,4232.736787037037
2020-01-01,1912,4275.539638888888
2020-02-01,1912,4252.117962962961
2020-01-01,1913,5391.949586419752
2020-02-01,1913,5372.078549382715
2020-01-01,1914,229.2315185185185
2020-02-01,1914,228.4365
2020-01-01,1915,100.23374104938274
2020-02-01,1915,104.8478737654321
2020-01-01,1916,71.20520339506172
2020-02-01,1916,75.81933611111111
2020-01-01,1917,37.79148148148148
2020-02-01,1917,37.79148148148148
2020-01-01,1918,117.25785185185185
2020-02-01,1918,117.25785185185185
2020-01-01,1919,273.60255864197546
2020-02-01,1919,273.60255864197546
2020-01-01,1920,940.4648611111111
2020-02-01,1920,940.4648611111111
2020-01-01,1921,847.2646527777778
2020-02-01,1921,847.2646527777778
2020-01-01,1922,326.3884379188712
2020-02-01,1922,336.3393545855379
2020-01-01,1923,499.3434870370371
2020-02-01,1923,499.3434870370371
2020-01-01,1924,595.5351929012344
2020-02-01,1924,595.5351929012344
2020-01-01,1925,319.5955636684303
2020-02-01,1925,326.117330335097
2020-01-01,1926,140.22910493827158
2020-02-01,1926,140.22910493827158
2020-01-01,1927,479.090273148148
2020-02-01,1927,479.2085555555554
2020-01-01,1928,110.53456481481484
2020-02-01,1928,108.3409351851852
2020-01-01,1929,126.95406790123455
2020-02-01,1929,141.0687901234568
2020-01-01,1930,60.52966512345681
2020-02-01,1930,58.33603549382719
2020-01-01,1931,428.67589382716034
2020-02-01,1931,428.67589382716034
2020-01-01,1933,2080.8597651515147
2020-02-01,1933,2094.801478114478
2020-01-01,1934,2822.9852126823803
2020-02-01,1934,2836.926925645343
2020-01-01,1935,371.1770407407408
2020-02-01,1935,371.1770407407408
2020-01-01,1936,381.3821018518518
2020-02-01,1936,381.3821018518518
2020-01-01,1937,242.0008611111112
2020-02-01,1937,242.0008611111112
2020-01-01,1938,636.4409347442678
2020-02-01,1938,636.4409347442678
2020-01-01,1939,1146.2676587301587
2020-02-01,1939,1146.2676587301587
2020-01-01,1940,1989.5879999999997
2020-02-01,1940,1989.5879999999997
2020-01-01,1941,585.9915555555558
2020-02-01,1941,585.9915555555558
2020-01-01,1942,374.28594682539693
2020-02-01,1942,382.93566111111124
2020-01-01,1943,681.2703677248679
2020-02-01,1943,689.9200820105822
2020-01-01,1944,1027.5565143298063
2020-02-01,1944,1027.5565143298063
2020-01-01,1945,1313.4718688271605
2020-02-01,1945,1313.4718688271605
2020-01-01,1946,918.9048518518521
2020-02-01,1946,915.8100925925927
2020-01-01,1947,237.8992562610229
2020-02-01,1947,237.8992562610229
2020-01-01,1948,266.9221975308641
2020-02-01,1948,266.9221975308641
2020-01-01,1949,869.1201080246913
2020-02-01,1949,867.2960802469134
